-- MySQL dump 10.13  Distrib 8.0.26, for Win64 (x86_64)
--
-- Host: localhost    Database: e-commerce
-- ------------------------------------------------------
-- Server version	8.0.26

/*!40101 SET @OLD_CHARACTER_SET_CLIENT=@@CHARACTER_SET_CLIENT */;
/*!40101 SET @OLD_CHARACTER_SET_RESULTS=@@CHARACTER_SET_RESULTS */;
/*!40101 SET @OLD_COLLATION_CONNECTION=@@COLLATION_CONNECTION */;
/*!50503 SET NAMES utf8 */;
/*!40103 SET @OLD_TIME_ZONE=@@TIME_ZONE */;
/*!40103 SET TIME_ZONE='+00:00' */;
/*!40014 SET @OLD_UNIQUE_CHECKS=@@UNIQUE_CHECKS, UNIQUE_CHECKS=0 */;
/*!40014 SET @OLD_FOREIGN_KEY_CHECKS=@@FOREIGN_KEY_CHECKS, FOREIGN_KEY_CHECKS=0 */;
/*!40101 SET @OLD_SQL_MODE=@@SQL_MODE, SQL_MODE='NO_AUTO_VALUE_ON_ZERO' */;
/*!40111 SET @OLD_SQL_NOTES=@@SQL_NOTES, SQL_NOTES=0 */;

--
-- Table structure for table `cart_items`
--

DROP TABLE IF EXISTS `cart_items`;
/*!40101 SET @saved_cs_client     = @@character_set_client */;
/*!50503 SET character_set_client = utf8mb4 */;
CREATE TABLE `cart_items` (
  `id` int NOT NULL AUTO_INCREMENT,
  `user_id` int DEFAULT NULL,
  `product_id` int DEFAULT NULL,
  `quantity` int DEFAULT NULL,
  PRIMARY KEY (`id`),
  KEY `user_id_users_idx` (`user_id`),
  KEY `product_id_product` (`product_id`),
  CONSTRAINT `product_id_product` FOREIGN KEY (`product_id`) REFERENCES `products` (`id`) ON DELETE CASCADE ON UPDATE CASCADE,
  CONSTRAINT `user_id_users` FOREIGN KEY (`user_id`) REFERENCES `users` (`id`)
) ENGINE=InnoDB AUTO_INCREMENT=98 DEFAULT CHARSET=utf8mb4 COLLATE=utf8mb4_0900_ai_ci;
/*!40101 SET character_set_client = @saved_cs_client */;

--
-- Dumping data for table `cart_items`
--

LOCK TABLES `cart_items` WRITE;
/*!40000 ALTER TABLE `cart_items` DISABLE KEYS */;
INSERT INTO `cart_items` VALUES (6,16,0,2),(8,16,0,4),(9,16,1,3),(10,16,3,1),(48,24,0,3),(49,24,3,2);
/*!40000 ALTER TABLE `cart_items` ENABLE KEYS */;
UNLOCK TABLES;

--
-- Table structure for table `category`
--

DROP TABLE IF EXISTS `category`;
/*!40101 SET @saved_cs_client     = @@character_set_client */;
/*!50503 SET character_set_client = utf8mb4 */;
CREATE TABLE `category` (
  `id` int NOT NULL AUTO_INCREMENT,
  `category_name` varchar(45) DEFAULT NULL,
  PRIMARY KEY (`id`)
) ENGINE=InnoDB AUTO_INCREMENT=16 DEFAULT CHARSET=utf8mb4 COLLATE=utf8mb4_0900_ai_ci;
/*!40101 SET character_set_client = @saved_cs_client */;

--
-- Dumping data for table `category`
--

LOCK TABLES `category` WRITE;
/*!40000 ALTER TABLE `category` DISABLE KEYS */;
INSERT INTO `category` VALUES (0,'Thiếu nhi'),(1,'Trinh thám'),(2,'Học tập - Giáo trình'),(3,'Tâm lí'),(4,'Kinh dị'),(5,'Công nghệ'),(6,'Văn học'),(7,'Kinh tế'),(8,'lmao'),(9,'lmaoaaa'),(14,'categoryName'),(15,'asca');
/*!40000 ALTER TABLE `category` ENABLE KEYS */;
UNLOCK TABLES;

--
-- Table structure for table `order_items`
--

DROP TABLE IF EXISTS `order_items`;
/*!40101 SET @saved_cs_client     = @@character_set_client */;
/*!50503 SET character_set_client = utf8mb4 */;
CREATE TABLE `order_items` (
  `id` int NOT NULL AUTO_INCREMENT,
  `order_id` int DEFAULT NULL,
  `product_id` int DEFAULT NULL,
  `created_at` date DEFAULT NULL,
  `quantity` int DEFAULT NULL,
  PRIMARY KEY (`id`),
  KEY `order_id_idx` (`order_id`),
  KEY `product_id_cart_idx` (`product_id`),
  CONSTRAINT `order_id` FOREIGN KEY (`order_id`) REFERENCES `orders` (`id`),
  CONSTRAINT `product_id_cart` FOREIGN KEY (`product_id`) REFERENCES `products` (`id`) ON DELETE CASCADE ON UPDATE CASCADE
) ENGINE=InnoDB AUTO_INCREMENT=35 DEFAULT CHARSET=utf8mb4 COLLATE=utf8mb4_0900_ai_ci;
/*!40101 SET character_set_client = @saved_cs_client */;

--
-- Dumping data for table `order_items`
--

LOCK TABLES `order_items` WRITE;
/*!40000 ALTER TABLE `order_items` DISABLE KEYS */;
INSERT INTO `order_items` VALUES (2,3,0,'2021-11-24',NULL),(3,7,2,'2021-11-24',NULL),(4,7,0,'2021-11-24',NULL),(5,8,6,'2021-11-24',NULL),(6,8,8,'2021-11-24',NULL),(7,8,13,'2021-11-24',NULL),(8,9,11,'2021-11-24',NULL),(9,9,5,'2021-11-24',NULL),(10,10,24,'2021-11-24',NULL),(11,11,4,'2021-11-24',NULL),(12,11,2,'2021-11-24',NULL),(13,12,1,'2021-11-24',NULL),(14,13,2,'2021-11-24',NULL),(15,14,1,'2021-11-24',NULL),(16,15,0,'2021-11-25',NULL),(17,15,3,'2021-11-25',NULL),(18,16,2,'2021-11-25',NULL),(19,17,41,'2021-11-26',NULL),(20,18,3,'2021-11-26',NULL),(21,19,32,'2021-11-26',NULL),(22,20,4,'2021-11-26',NULL),(23,20,2,'2021-11-26',NULL),(24,26,3,'2021-11-27',NULL),(25,26,1,'2021-11-27',NULL),(29,32,17,'2023-02-10',1),(30,34,8,'2023-02-10',1),(31,35,8,'2023-02-10',1),(32,36,8,'2023-02-13',20),(33,36,100,'2023-02-13',4),(34,37,8,'2023-02-13',1);
/*!40000 ALTER TABLE `order_items` ENABLE KEYS */;
UNLOCK TABLES;

--
-- Table structure for table `orders`
--

DROP TABLE IF EXISTS `orders`;
/*!40101 SET @saved_cs_client     = @@character_set_client */;
/*!50503 SET character_set_client = utf8mb4 */;
CREATE TABLE `orders` (
  `id` int NOT NULL AUTO_INCREMENT,
  `order_by` int DEFAULT NULL,
  `total_amount` int DEFAULT NULL,
  `status` varchar(45) DEFAULT NULL,
  `created_at` date DEFAULT NULL,
  PRIMARY KEY (`id`),
  KEY `order_by_users_idx` (`order_by`),
  CONSTRAINT `order_by_users` FOREIGN KEY (`order_by`) REFERENCES `users` (`id`)
) ENGINE=InnoDB AUTO_INCREMENT=38 DEFAULT CHARSET=utf8mb4 COLLATE=utf8mb4_0900_ai_ci;
/*!40101 SET character_set_client = @saved_cs_client */;

--
-- Dumping data for table `orders`
--

LOCK TABLES `orders` WRITE;
/*!40000 ALTER TABLE `orders` DISABLE KEYS */;
INSERT INTO `orders` VALUES (1,8,0,'complete','2021-11-24'),(2,8,0,'complete','2021-11-24'),(3,8,0,'complete','2021-11-24'),(4,8,0,'complete','2021-11-24'),(5,8,0,'complete','2021-11-24'),(6,8,0,'complete','2021-11-24'),(7,8,0,'complete','2021-11-24'),(8,8,0,'complete','2021-11-24'),(9,8,0,'complete','2021-11-24'),(10,8,0,'complete','2021-11-24'),(11,8,594000,'complete','2021-11-24'),(12,8,40000,'complete','2021-11-24'),(13,8,1000000,'complete','2021-11-24'),(14,8,40000,'complete','2021-11-24'),(15,8,236000,'complete','2021-11-25'),(16,8,250000,'complete','2021-11-25'),(17,22,270000,'complete','2021-11-26'),(18,22,82000,'complete','2021-11-26'),(19,23,222000,'complete','2021-11-26'),(20,23,624000,'complete','2021-11-26'),(21,24,374000,'complete','2021-11-27'),(22,24,374000,'complete','2021-11-27'),(23,8,122000,'complete','2021-11-27'),(24,8,122000,'complete','2021-11-27'),(25,8,122000,'complete','2021-11-27'),(26,8,122000,'complete','2021-11-27'),(29,32,42000,'completed','2023-02-10'),(30,32,12312,'completed','2023-02-10'),(31,32,123,'completed','2023-02-10'),(32,32,8500,'completed','2023-02-10'),(33,32,138138000,'completed','2023-02-10'),(34,32,69000,'completed','2023-02-10'),(35,32,69000,'completed','2023-02-10'),(36,32,1860000,'completed','2023-02-13'),(37,32,69000,'completed','2023-02-13');
/*!40000 ALTER TABLE `orders` ENABLE KEYS */;
UNLOCK TABLES;

--
-- Table structure for table `payments`
--

DROP TABLE IF EXISTS `payments`;
/*!40101 SET @saved_cs_client     = @@character_set_client */;
/*!50503 SET character_set_client = utf8mb4 */;
CREATE TABLE `payments` (
  `id` int NOT NULL AUTO_INCREMENT,
  `payment_type` varchar(45) DEFAULT NULL,
  `order_id` int DEFAULT NULL,
  `amount` int DEFAULT NULL,
  `status` varchar(45) DEFAULT NULL,
  `created_at` date DEFAULT NULL,
  PRIMARY KEY (`id`),
  KEY `order_id_idx` (`order_id`),
  CONSTRAINT `order_id_payments` FOREIGN KEY (`order_id`) REFERENCES `orders` (`id`)
) ENGINE=InnoDB AUTO_INCREMENT=27 DEFAULT CHARSET=utf8mb4 COLLATE=utf8mb4_0900_ai_ci;
/*!40101 SET character_set_client = @saved_cs_client */;

--
-- Dumping data for table `payments`
--

LOCK TABLES `payments` WRITE;
/*!40000 ALTER TABLE `payments` DISABLE KEYS */;
INSERT INTO `payments` VALUES (1,'Tiền mặt',1,320000,'pending','2021-11-24'),(2,'Tiền mặt',2,264000,'pending','2021-11-24'),(3,'Tiền mặt',3,660000,'pending','2021-11-24'),(4,'Tiền mặt',4,80000,'pending','2021-11-24'),(5,'Tiền mặt',5,80000,'pending','2021-11-24'),(6,'Tiền mặt',6,80000,'pending','2021-11-24'),(7,'Tiền mặt',7,580000,'pending','2021-11-24'),(8,'Tiền mặt',8,218000,'pending','2021-11-24'),(9,'Tiền mặt',9,0,'pending','2021-11-24'),(10,'Tiền mặt',10,0,'pending','2021-11-24'),(11,'Tiền mặt',11,594000,'pending','2021-11-24'),(12,'Tiền mặt',12,40000,'pending','2021-11-24'),(13,'Tiền mặt',13,1000000,'pending','2021-11-24'),(14,'Tiền mặt',14,40000,'pending','2021-11-24'),(15,'Tiền mặt',15,236000,'pending','2021-11-25'),(16,'Tiền mặt',16,250000,'pending','2021-11-25'),(17,'Tiền mặt',17,270000,'pending','2021-11-26'),(18,'Tiền mặt',18,82000,'pending','2021-11-26'),(19,'Tiền mặt',19,222000,'pending','2021-11-26'),(20,'Tiền mặt',20,624000,'pending','2021-11-26'),(21,'Tiền mặt',21,374000,'pending','2021-11-27'),(22,'Tiền mặt',22,374000,'pending','2021-11-27'),(23,'Tiền mặt',23,122000,'pending','2021-11-27'),(24,'Tiền mặt',24,122000,'pending','2021-11-27'),(25,'Tiền mặt',25,122000,'pending','2021-11-27'),(26,'Tiền mặt',26,122000,'pending','2021-11-27');
/*!40000 ALTER TABLE `payments` ENABLE KEYS */;
UNLOCK TABLES;

--
-- Table structure for table `product_reviews`
--

DROP TABLE IF EXISTS `product_reviews`;
/*!40101 SET @saved_cs_client     = @@character_set_client */;
/*!50503 SET character_set_client = utf8mb4 */;
CREATE TABLE `product_reviews` (
  `id` int NOT NULL AUTO_INCREMENT,
  `review_product_id` int DEFAULT NULL,
  `review_by` int DEFAULT NULL,
  `rating` int DEFAULT NULL,
  `comment` longtext,
  `review_date` date DEFAULT NULL,
  PRIMARY KEY (`id`),
  KEY `user_id_review_idx` (`review_by`),
  KEY `product_id_review_idx` (`review_product_id`),
  CONSTRAINT `product_id_review` FOREIGN KEY (`review_product_id`) REFERENCES `products` (`id`) ON DELETE SET NULL,
  CONSTRAINT `user_id_review` FOREIGN KEY (`review_by`) REFERENCES `users` (`id`) ON DELETE CASCADE ON UPDATE CASCADE
) ENGINE=InnoDB AUTO_INCREMENT=221 DEFAULT CHARSET=utf8mb4 COLLATE=utf8mb4_0900_ai_ci;
/*!40101 SET character_set_client = @saved_cs_client */;

--
-- Dumping data for table `product_reviews`
--

LOCK TABLES `product_reviews` WRITE;
/*!40000 ALTER TABLE `product_reviews` DISABLE KEYS */;
INSERT INTO `product_reviews` VALUES (1,2,8,5,'aaaa','2021-11-24'),(2,2,8,5,'aaaa','2021-11-24'),(3,2,8,5,'đây là thử','2021-11-24'),(4,1,22,5,'Đây là 1 quyển sách hay','2021-11-26'),(5,3,23,5,'đây là cuốn sách hay','2021-11-26'),(6,0,24,5,'sách hay','2021-11-27'),(7,21,23,5,'đây là 1 cuốn sách hay','2021-11-24'),(8,46,23,1,'sách không hay','2021-11-24'),(9,72,11,2,'sách không hay','2021-11-24'),(10,82,24,5,'đây là 1 cuốn sách hay','2021-11-24'),(11,43,24,0,'sách không hay','2021-11-24'),(12,99,24,0,'sách không hay','2021-11-24'),(13,106,2,1,'sách không hay','2021-11-24'),(15,91,8,2,'sách không hay','2021-11-24'),(16,11,6,1,'sách không hay','2021-11-24'),(17,57,13,0,'sách không hay','2021-11-24'),(18,50,4,1,'sách không hay','2021-11-24'),(19,91,1,3,'sách bình thường','2021-11-24'),(20,22,18,5,'đây là 1 cuốn sách hay','2021-11-24'),(21,95,6,3,'sách bình thường','2021-11-24'),(22,55,19,0,'sách không hay','2021-11-24'),(23,67,21,3,'sách bình thường','2021-11-24'),(24,37,11,5,'đây là 1 cuốn sách hay','2021-11-24'),(25,0,13,4,'đây là 1 cuốn sách hay','2021-11-24'),(26,69,20,1,'sách không hay','2021-11-24'),(27,50,3,2,'sách không hay','2021-11-24'),(28,106,12,4,'đây là 1 cuốn sách hay','2021-11-24'),(29,39,11,4,'đây là 1 cuốn sách hay','2021-11-24'),(30,36,8,2,'sách không hay','2021-11-24'),(31,93,24,1,'sách không hay','2021-11-24'),(32,54,19,5,'đây là 1 cuốn sách hay','2021-11-24'),(33,84,6,3,'sách bình thường','2021-11-24'),(34,14,11,3,'sách bình thường','2021-11-24'),(35,38,12,0,'sách không hay','2021-11-24'),(36,2,7,0,'sách không hay','2021-11-24'),(37,57,6,2,'sách không hay','2021-11-24'),(38,106,12,4,'đây là 1 cuốn sách hay','2021-11-24'),(39,53,4,4,'đây là 1 cuốn sách hay','2021-11-24'),(40,94,6,4,'đây là 1 cuốn sách hay','2021-11-24'),(41,59,12,1,'sách không hay','2021-11-24'),(42,61,4,2,'sách không hay','2021-11-24'),(43,105,23,3,'sách bình thường','2021-11-24'),(44,110,14,1,'sách không hay','2021-11-24'),(45,75,11,4,'đây là 1 cuốn sách hay','2021-11-24'),(46,102,20,0,'sách không hay','2021-11-24'),(47,91,0,0,'sách không hay','2021-11-24'),(48,6,9,4,'đây là 1 cuốn sách hay','2021-11-24'),(49,90,22,4,'đây là 1 cuốn sách hay','2021-11-24'),(50,103,7,3,'sách bình thường','2021-11-24'),(51,90,0,2,'sách không hay','2021-11-24'),(52,94,19,3,'sách bình thường','2021-11-24'),(53,7,11,2,'sách không hay','2021-11-24'),(54,54,13,5,'đây là 1 cuốn sách hay','2021-11-24'),(55,19,5,3,'sách bình thường','2021-11-24'),(56,45,19,3,'sách bình thường','2021-11-24'),(57,57,15,5,'đây là 1 cuốn sách hay','2021-11-24'),(58,53,21,1,'sách không hay','2021-11-24'),(59,15,4,5,'đây là 1 cuốn sách hay','2021-11-24'),(60,57,18,2,'sách không hay','2021-11-24'),(61,19,18,3,'sách bình thường','2021-11-24'),(62,100,7,5,'đây là 1 cuốn sách hay','2021-11-24'),(63,68,18,5,'đây là 1 cuốn sách hay','2021-11-24'),(64,98,9,0,'sách không hay','2021-11-24'),(65,25,16,1,'sách không hay','2021-11-24'),(66,16,13,5,'đây là 1 cuốn sách hay','2021-11-24'),(67,100,10,1,'sách không hay','2021-11-24'),(68,11,4,3,'sách bình thường','2021-11-24'),(69,96,6,2,'sách không hay','2021-11-24'),(70,17,8,2,'sách không hay','2021-11-24'),(71,23,24,3,'sách bình thường','2021-11-24'),(72,77,5,1,'sách không hay','2021-11-24'),(73,18,14,3,'sách bình thường','2021-11-24'),(74,96,21,5,'đây là 1 cuốn sách hay','2021-11-24'),(75,23,9,4,'đây là 1 cuốn sách hay','2021-11-24'),(76,12,5,1,'sách không hay','2021-11-24'),(77,61,14,2,'sách không hay','2021-11-24'),(78,13,22,3,'sách bình thường','2021-11-24'),(79,95,16,3,'sách bình thường','2021-11-24'),(80,66,14,0,'sách không hay','2021-11-24'),(81,31,17,0,'sách không hay','2021-11-24'),(82,51,24,4,'đây là 1 cuốn sách hay','2021-11-24'),(83,99,6,5,'đây là 1 cuốn sách hay','2021-11-24'),(84,70,9,2,'sách không hay','2021-11-24'),(85,6,7,0,'sách không hay','2021-11-24'),(86,96,5,5,'đây là 1 cuốn sách hay','2021-11-24'),(87,44,12,4,'đây là 1 cuốn sách hay','2021-11-24'),(88,5,0,3,'sách bình thường','2021-11-24'),(89,79,20,4,'đây là 1 cuốn sách hay','2021-11-24'),(90,87,0,2,'sách không hay','2021-11-24'),(91,63,14,3,'sách bình thường','2021-11-24'),(92,57,12,0,'sách không hay','2021-11-24'),(93,4,12,1,'sách không hay','2021-11-24'),(94,68,21,2,'sách không hay','2021-11-24'),(95,72,5,1,'sách không hay','2021-11-24'),(96,108,15,4,'đây là 1 cuốn sách hay','2021-11-24'),(97,53,24,2,'sách không hay','2021-11-24'),(98,13,13,0,'sách không hay','2021-11-24'),(99,25,4,5,'đây là 1 cuốn sách hay','2021-11-24'),(100,22,5,0,'sách không hay','2021-11-24'),(101,37,1,5,'đây là 1 cuốn sách hay','2021-11-24'),(102,59,9,0,'sách không hay','2021-11-24'),(103,5,2,0,'sách không hay','2021-11-24'),(104,29,10,2,'sách không hay','2021-11-24'),(105,95,18,0,'sách không hay','2021-11-24'),(106,75,5,2,'sách không hay','2021-11-24'),(107,71,24,1,'sách không hay','2021-11-24'),(108,102,22,5,'đây là 1 cuốn sách hay','2021-11-24'),(109,72,6,0,'sách không hay','2021-11-24'),(110,42,17,1,'sách không hay','2021-11-24'),(111,46,4,5,'đây là 1 cuốn sách hay','2021-11-24'),(112,78,10,5,'đây là 1 cuốn sách hay','2021-11-24'),(113,27,22,2,'sách không hay','2021-11-24'),(114,33,14,1,'sách không hay','2021-11-24'),(115,6,12,5,'đây là 1 cuốn sách hay','2021-11-24'),(116,82,9,4,'đây là 1 cuốn sách hay','2021-11-24'),(117,50,18,3,'sách bình thường','2021-11-24'),(118,18,11,5,'đây là 1 cuốn sách hay','2021-11-24'),(119,8,19,1,'sách không hay','2021-11-24'),(120,82,21,4,'đây là 1 cuốn sách hay','2021-11-24'),(121,88,6,2,'sách không hay','2021-11-24'),(122,84,14,0,'sách không hay','2021-11-24'),(123,77,12,0,'sách không hay','2021-11-24'),(124,6,11,0,'sách không hay','2021-11-24'),(125,5,1,3,'sách bình thường','2021-11-24'),(126,103,19,4,'đây là 1 cuốn sách hay','2021-11-24'),(127,107,9,2,'sách không hay','2021-11-24'),(128,103,24,3,'sách bình thường','2021-11-24'),(129,64,0,0,'sách không hay','2021-11-24'),(130,71,24,5,'đây là 1 cuốn sách hay','2021-11-24'),(131,90,15,3,'sách bình thường','2021-11-24'),(132,50,1,1,'sách không hay','2021-11-24'),(133,36,9,4,'đây là 1 cuốn sách hay','2021-11-24'),(134,76,6,4,'đây là 1 cuốn sách hay','2021-11-24'),(135,27,21,0,'sách không hay','2021-11-24'),(136,57,10,4,'đây là 1 cuốn sách hay','2021-11-24'),(137,104,10,3,'sách bình thường','2021-11-24'),(138,59,6,4,'đây là 1 cuốn sách hay','2021-11-24'),(139,39,24,2,'sách không hay','2021-11-24'),(140,104,7,3,'sách bình thường','2021-11-24'),(141,66,21,5,'đây là 1 cuốn sách hay','2021-11-24'),(142,102,3,2,'sách không hay','2021-11-24'),(143,46,24,4,'đây là 1 cuốn sách hay','2021-11-24'),(144,8,24,1,'sách không hay','2021-11-24'),(145,88,13,4,'đây là 1 cuốn sách hay','2021-11-24'),(146,5,0,3,'sách bình thường','2021-11-24'),(147,35,4,1,'sách không hay','2021-11-24'),(148,73,0,5,'đây là 1 cuốn sách hay','2021-11-24'),(149,72,2,4,'đây là 1 cuốn sách hay','2021-11-24'),(150,24,11,3,'sách bình thường','2021-11-24'),(151,94,0,0,'sách không hay','2021-11-24'),(152,88,11,5,'đây là 1 cuốn sách hay','2021-11-24'),(153,56,0,1,'sách không hay','2021-11-24'),(154,73,10,0,'sách không hay','2021-11-24'),(155,93,4,0,'sách không hay','2021-11-24'),(156,49,15,3,'sách bình thường','2021-11-24'),(157,49,8,2,'sách không hay','2021-11-24'),(158,81,16,5,'đây là 1 cuốn sách hay','2021-11-24'),(159,60,18,0,'sách không hay','2021-11-24'),(160,82,7,2,'sách không hay','2021-11-24'),(161,28,22,0,'sách không hay','2021-11-24'),(162,50,11,3,'sách bình thường','2021-11-24'),(163,30,23,0,'sách không hay','2021-11-24'),(164,81,22,5,'đây là 1 cuốn sách hay','2021-11-24'),(165,17,27,2,'sách không hay','2021-11-24'),(166,94,29,0,'sách không hay','2021-11-24'),(167,4,28,5,'đây là 1 cuốn sách hay','2021-11-24'),(168,14,27,3,'sách bình thường','2021-11-24'),(169,53,25,2,'sách không hay','2021-11-24'),(170,104,30,0,'sách không hay','2021-11-24'),(171,106,27,3,'sách bình thường','2021-11-24'),(172,30,25,5,'đây là 1 cuốn sách hay','2021-11-24'),(173,48,29,0,'sách không hay','2021-11-24'),(174,80,30,1,'sách không hay','2021-11-24'),(175,55,26,2,'sách không hay','2021-11-24'),(176,4,29,4,'đây là 1 cuốn sách hay','2021-11-24'),(177,65,28,2,'sách không hay','2021-11-24'),(178,84,30,0,'sách không hay','2021-11-24'),(179,98,27,5,'đây là 1 cuốn sách hay','2021-11-24'),(180,100,28,3,'sách bình thường','2021-11-24'),(181,67,28,0,'sách không hay','2021-11-24'),(182,76,30,0,'sách không hay','2021-11-24'),(183,103,25,2,'sách không hay','2021-11-24'),(184,50,26,1,'sách không hay','2021-11-24'),(185,89,28,5,'đây là 1 cuốn sách hay','2021-11-24'),(186,53,29,5,'đây là 1 cuốn sách hay','2021-11-24'),(187,103,29,1,'sách không hay','2021-11-24'),(188,38,26,5,'đây là 1 cuốn sách hay','2021-11-24'),(189,21,30,1,'sách không hay','2021-11-24'),(190,82,25,3,'sách bình thường','2021-11-24'),(191,93,28,0,'sách không hay','2021-11-24'),(192,60,29,4,'đây là 1 cuốn sách hay','2021-11-24'),(193,50,29,5,'đây là 1 cuốn sách hay','2021-11-24'),(194,26,28,0,'sách không hay','2021-11-24'),(195,100,31,4,'đây là 1 cuốn sách hay','2021-11-24'),(196,87,31,3,'sách bình thường','2021-11-24'),(197,74,31,2,'sách không hay','2021-11-24'),(198,10,31,2,'sách không hay','2021-11-24'),(199,74,31,1,'sách không hay','2021-11-24'),(200,43,31,2,'sách không hay','2021-11-24'),(201,34,31,1,'sách không hay','2021-11-24'),(202,2,31,1,'sách không hay','2021-11-24'),(203,110,31,1,'sách không hay','2021-11-24'),(204,22,31,0,'sách không hay','2021-11-24'),(205,18,31,5,'đây là 1 cuốn sách hay','2021-11-24'),(206,61,31,3,'sách bình thường','2021-11-24'),(207,49,31,2,'sách không hay','2021-11-24'),(208,12,31,0,'sách không hay','2021-11-24'),(209,24,31,3,'sách bình thường','2021-11-24'),(210,17,31,0,'sách không hay','2021-11-24'),(211,24,31,3,'sách bình thường','2021-11-24'),(212,102,31,1,'sách không hay','2021-11-24'),(213,53,31,2,'sách không hay','2021-11-24'),(214,66,31,0,'sách không hay','2021-11-24'),(215,0,8,3,'sách tạm','2021-12-10'),(216,0,8,0,'sách ko hay','2021-12-10'),(217,4,32,5,'hay','2021-12-10'),(218,11,32,3,'sách khá hay','2021-12-10');
/*!40000 ALTER TABLE `product_reviews` ENABLE KEYS */;
UNLOCK TABLES;

--
-- Table structure for table `products`
--

DROP TABLE IF EXISTS `products`;
/*!40101 SET @saved_cs_client     = @@character_set_client */;
/*!50503 SET character_set_client = utf8mb4 */;
CREATE TABLE `products` (
  `id` int NOT NULL AUTO_INCREMENT,
  `product_category` int DEFAULT NULL,
  `product_name` text,
  `product_price` int DEFAULT NULL,
  `quantity` int DEFAULT NULL,
  `product_details` text,
  `product_photo` varchar(255) DEFAULT NULL,
  `provider_id` int DEFAULT NULL,
  PRIMARY KEY (`id`),
  KEY `category_id_idx` (`product_category`),
  KEY `provider_id` (`provider_id`),
  CONSTRAINT `category_id` FOREIGN KEY (`product_category`) REFERENCES `category` (`id`) ON DELETE CASCADE ON UPDATE CASCADE,
  CONSTRAINT `provider_id` FOREIGN KEY (`provider_id`) REFERENCES `users` (`id`) ON DELETE CASCADE ON UPDATE CASCADE
) ENGINE=InnoDB AUTO_INCREMENT=145 DEFAULT CHARSET=utf8mb4 COLLATE=utf8mb4_0900_ai_ci;
/*!40101 SET character_set_client = @saved_cs_client */;

--
-- Dumping data for table `products`
--

LOCK TABLES `products` WRITE;
/*!40000 ALTER TABLE `products` DISABLE KEYS */;
INSERT INTO `products` VALUES (0,0,'Bách Khoa Thiếu Nhi - Ai Cập Cổ Đại',80000,100,'Vương triều Ai Cập ở Đông Bắc châu Phi hơn 3.000 năm trước để lại cho chúng ta những vị vua cổ đại, những kim tự tháp kỳ bí và phát minh ra giấy. Hãy cùng tìm hiểu về đất nước cổ đại này - những bộ luật, những vị thần hay cuộc sống dọc bờ sông Nin - tất cả có trong cuốn Bách khoa thiếu nhi thú vị này. Hơn 180 điều thú vị về các vị vua Ai Cập cổ đại, các vị thần và những di tích cổ Tái hiện các công trình, các kho báu khảo cổ qua những hình ảnh sắc nét, độ phân giải cao Các kiến thức được minh họa bằng ảnh mô hình khoa học Những tri thức khoa học, kỷ lục thú vị và đáng quan tâm Cùng tìm đọc trong bộ Bách khoa thiếu nhi: Ai Cập cổ đại * Động vật * Cơ thể người * Động vật có vú * Khoa học * Vũ trụ * Trái đất.','https://cdn0.fahasa.com/media/catalog/product/cache/1/image/9df78eab33525d08d6e5fb8d27136e95/i/m/image_195509_1_36326.jpg',18),(1,0,'Bách khoa thiếu nhi - Tàu Hỏa',40000,20,'Bách Khoa Tri Thức Về Khám Phá Thế Giới Cho Trẻ Em - Tàu Hỏa Bách Khoa Tri Thức Về Khám Phá Thế Giới Cho Trẻ Em là bộ sách hấp dẫn với: - Nội dung phong phú, gồm nhiều chủ đề khác nhau như xác ướp, thiên văn học, sinh học, khoa học, lịch sử... giúp thỏa mãn trí tò mò và ao ước khám phá của các em nhỏ. -Hình ảnh sinh động, trình bày rõ ràng, sống động để các em có cái nhìn chân thật nhất với mỗi chủ đề. - Liên kết internet: sách còn giới thiệu những trang web chứa đựng nhiều thông tin thú vị có liên quan, giúp các em mở rộng thêm hiểu biết. Cấu tạo cơ bản của tàu hỏa, Động cơ diesel hoạt động như thế nào? Những mô hình đáng kinh ngạc... Tất cả những bí ẩn thú vị sẽ được giải đáp trong cuốn sách này.','https://cdn0.fahasa.com/media/catalog/product/cache/1/image/9df78eab33525d08d6e5fb8d27136e95/i/m/image_57743.jpg',18),(2,0,'Bách Khoa Tri Thức Dành Cho Trẻ Em',250000,30,'Thế giới có muôn vàn điều kì thú và cuốn bách khoa thư độc đáo này sẽ dẫn bé bước vào hành trình khám phá thế giới diệu kì ấy. Bách Khoa Tri Thức Dành Cho Trẻ Em là một cuốn sách thật hấp dẫn và thú vị bởi: - Nội dung sách rất phong phú, bao trùm nhiều lĩnh vực như khoa học, sinh học, lịch sử… giúp thỏa mãn trí tò mò và ước ao khám phá của các em nhỏ. - Hình ảnh trực quan, sinh động, thực tế, giúp các em có cái nhìn chân thật nhất với các vấn đề được đặt ra. - Liên kết Internet: cuốn sách đặc biệt còn giới thiệu những trang web chứa đựng nhiều thông tin, trò chơi và hoạt động thú vị giúp các em nắm vững các kiến thức vừa học được và cập nhật thêm tin tức mới nhất về các thành tựu khoa học kỹ thuật hiện đại. Bách Khoa Tri Thức Dành Cho Trẻ Em sẽ kích thích sự ham hiểu biết và bồi đắp thêm niềm đam mê khám phá trong bé.','https://cdn0.fahasa.com/media/catalog/product/cache/1/image/9df78eab33525d08d6e5fb8d27136e95/8/9/8935212322157.jpg',18),(3,0,'Bách Khoa Tri Thức Cho Trẻ Em - Các Loài Chim',52000,35,'Bách Khoa Tri Thức Về Khám Phá Thế Giới Cho Trẻ Em - Các Loài Chim (Tái Bản 2017) Nội dung của bộ sách Bách Khoa Tri Thức Về Khám Phá Thế Giới Cho Trẻ Em đề cập đến rất nhiều những vấn đề mà trẻ muốn biết, từ vũ trụ, trái đất đến giới động vật, thực vật, từ khoa học kỹ thuật đến xã hội cuộc sống. Sách được minh họa bằng những bức tranh sinh động, ngôn ngữ của  đơn giản, dễ hiểu. Mỗi một chủ đề giúp trẻ nhận thức thế giới, tăng cường tri thức, nâng cao khả năng sáng tạo và trí tưởng tượng. Ngoài ra, sách còn giới thiệu những trang web chứa đựng nhiều thông tin, trò chơi và hoạt động thú vị, cập nhật thêm các tin tức mới nhất về các chủ đề.','https://cdn0.fahasa.com/media/catalog/product/cache/1/image/9df78eab33525d08d6e5fb8d27136e95/i/m/image_138371.jpg',18),(4,0,'Những Truyện Hay Viết Cho Thiếu Nhi',47000,200,'\"Theo tôi, cái phần đặc sắc nhất để làm nên một Trần Hoài Dương riêng biệt, một Trần Hoài Dương nhà văn độc đáo - ấy là các truyện ngắn dành cho lứa tuổi học trò. Ở những truyện ngắn loại này, tôi có thể khẳng định rằng, mỗi mẩu chuyện là một áng thơ, văn xuôi từ hình thức, nhịp điệu, lời văn đến mạch cảm xúc bên trong của tác phẩm\". - Nhà thơ Hoàng Cát','https://cdn0.fahasa.com/media/catalog/product/cache/1/image/9df78eab33525d08d6e5fb8d27136e95/i/m/image_178975.jpg',18),(5,0,'Hoàng Tử Bé',23000,23,'“Hoàng Tử Bé” (tên tiếng Pháp: Le Petit Prince) xuất bản năm 1943 và là tác phẩm nối tiếng nhất trong sự nghiệp của nhà văn phi công Pháp Antoine de Saint-Exupéry. Tác phẩm đã được dịch sang hơn 250 ngôn ngữ và cho đến nay đã bán được hơn 200 triệu bản khắp thế giới. Cuốn sách đẹp như một bài thơ thanh sáng, một câu chuyện cổ tích về tình yêu thương, lòng nhân ái, ý nghĩa của sự tồn tại, về sự cảm thông giữa người với người... Sự giản dị trong sáng tỏa khắp tác phẩm đã khiến nó trở thành một bài thơ bất hủ mà mãi mãi người ta muốn đem làm quà tặng của tình yêu.','https://cdn0.fahasa.com/media/catalog/product/cache/1/image/9df78eab33525d08d6e5fb8d27136e95/i/m/image_182433.jpg',18),(6,0,'Sinh Vật Thần Thoại Khắp Thế Gian',45000,45,'Châu Âu cổ kính, châu Phi hoang dã, châu Á kì bí, Trung Đông huyền diệu, “Tân lục địa” chứa đầy bí ẩn bất ngờ… những nền văn minh ở khắp các châu lục tồn tại nhiều nghìn năm, phát triển rực rỡ và để lại di sản thần thoại phong phú, với vô vàn sinh vật huyền bí cùng các tích truyện li kì. Cuốn sách này tập hợp truyện kể về những sinh vật huyền bí khắp năm châu bốn biển. Mỗi truyện đính kèm thông tin về sinh vật như chủng loài, nơi sinh sống, các khả năng đặc biệt... cùng đánh giá mức độ nguy hiểm của chúng dựa trên thang điểm: - Vô hại, thậm chí còn giúp đỡ loài người. - Khá phiền phức, nhưng có thể trị được. - Nguy hiểm, hãy hết sức cẩn trọng khi đối đầu với chúng! - Cực kì nguy hiểm, mau chạy đi! - May ra thần linh mới trị được đám này!','https://cdn0.fahasa.com/media/catalog/product/cache/1/image/9df78eab33525d08d6e5fb8d27136e95/i/m/image_197922.jpg',18),(7,0,'Combo Ai Ở Sau Lưng Bạn Thế?',47000,47,'Ehon là dòng sách được ví như “thực phẩm cho tâm hồn bé” tại Nhật. Đây là dòng sách tranh cho lứa tuổi từ 0 tới 10. Mỗi cuốn sách là một câu chuyện ngắn, với cấu trúc rõ ràng. Mỗi trang chỉ gồm một tới hai câu ngắn phù hợp với khả năng ngôn ngữ của trẻ. Nội dung và nhân vật trong sách là những sự vật, hiện tượng gần gũi trong cuộc sống hàng ngày của các bé như ăn, ngủ, chơi đùa, các loài động, thực vật. Cha mẹ đọc ehon thường ngày với con, như cách trò chuyện, thể hiện tình yêu thương và giáo dục con. Sách ehon chứa đựng nhiều bài học giúp bé phát triển ngôn ngữ, trí tưởng tượng, nuôi dưỡng nhân cách, làm phong phú tâm hồn con. Ai Ở Sau Lưng Bạn Thế với chủ đề về các loài động vật. Điểm thú vị của truyện chính là những bức tranh gồm một loài động vật cụ thể và một phần chi tiết về một con vật khác. Các mẹ và các bé có thể cùng đọc và cùng chơi trò chơi đoán xem bộ phận đó của con vật nào. Bộ truyện bao gồm 6 cuốn:','https://cdn0.fahasa.com/media/catalog/product/cache/1/image/9df78eab33525d08d6e5fb8d27136e95/u/n/untitled-1_67.jpg',18),(8,0,'Bộ Sách Chuyện Kể Cho Bé Hiếu Thảo ',69000,44,'Những câu chuyện đồng thoại ám áp tình yêu thương, dạy bé biết hiếu thảo, biết nghe lời, biết chăm sóc, nhường nhịn và yêu quý những người thân yêu nhất của bé: ông bà, cha mẹ, anh chị em. Với nét vẽ tự nhiên, sinh động, màu sắc tươi vui của họa sĩ Phùng Duy Tùng, các bé không chỉ đọc truyện mà còn được làm quen với những bạn động vật đáng yêu như bạn Thỏ Con, Khỉ Con, Dê Con, Ếch Xanh, Cá Chuồn, Chim Sâu... Qua những câu chuyện của các bạn nhỏ này, bé sẽ cảm nhận được sự ấm áp của tình cảm gia đình, và biết hiếu thảo với những người than yêu. Tất cả các cuốn trong bộ sách được thiết kế một trang đặt lời riêng có những chi tiết trang trí đáng yêu bên cạnh một trang tranh minh họa. Phần lời được in chữ to, rõ ràng, phù hợp với các bé mẫu giáo, với các bé biết đọc sớm thì đây là những cuốn sách tuyệt vời để bé hứng thú tập đọc.','https://cdn0.fahasa.com/media/catalog/product/cache/1/image/9df78eab33525d08d6e5fb8d27136e95/u/n/untitled-2sssssssss.jpg',18),(9,0,'Truyện Cổ Grimm',517000,51,'Năm 1812, ấn bản đầu tiên của tập truyện “Kinder-und Hausmärchen” (Chuyện kể cho trẻ em và trong gia đình) ra đời tại Berlin, và lập tức gây được tiếng vang trong cộng đồng những nhà nghiên cứu ở Đức. Nhưng hẳn không một học giả nào tại thời điểm đó, hay thậm chí là những tác giả của tập truyện, có thể hình dung được giá trị và sức ảnh hưởng mà tập truyện mang lại trên toàn cầu, trong suốt chiều dài phát triển của lịch sử nhân loại. Đến tận ngày nay, hơn 200 năm sau ngày phát hành ấn bản đầu tiên, tập truyện vẫn được dịch và tái bản thường xuyên ở hàng trăm quốc gia, tiếp tục nuôi dưỡng những tâm hồn trẻ thơ, tưới tắm cho trí tưởng tượng thông qua các câu chuyện kỳ ảo, được gọi chung với cái tên quen thuộc: “Truyện cổ Grimm”. Tại Việt Nam, “Truyện cổ Grim” đã được giới thiệu đến các độc giả qua nhiều lần xuất bản khác nhau, với các ấn bản truyện chữ theo bản dịch từ truyện của hai anh em nhà Grimm, thêm minh họa, hay truyện tranh do các họa sĩ vẽ lại với nội dung rút gọn... Lần in này, Đông A trân trọng giới thiệu tới bạn đọc “Truyện cổ Grimm - Ấn bản đầy đủ nhất kèm 184 minh hoạ” với những điểm đáng chú ý như sau:','https://cdn0.fahasa.com/media/catalog/product/cache/1/image/9df78eab33525d08d6e5fb8d27136e95/t/r/truy_n-c_-grim_1.jpg',18),(10,0,'Chuyện Con Mèo Dạy Hải Âu Bay',167000,167,'Cô hải âu Kengah bị nhấn chìm trong váng dầu – thứ chất thải nguy hiểm mà những con người xấu xa bí mật đổ ra đại dương. Với nỗ lực đầy tuyệt vọng, cô bay vào bến cảng Hamburg và rơi xuống ban công của con mèo mun, to đùng, mập ú Zorba. Trong phút cuối cuộc đời, cô sinh ra một quả trứng và con mèo mun hứa với cô sẽ thực hiện ba lời hứa chừng như không tưởng với loài mèo: Không ăn quả trứng. Chăm sóc cho tới khi nó nở. Dạy cho con hải âu bay. Lời hứa của một con mèo cũng là trách nhiệm của toàn bộ mèo trên bến cảng, bởi vậy bè bạn của Zorba bao gồm ngài mèo Đại Tá đầy uy tín, mèo Secretario nhanh nhảu, mèo Einstein uyên bác, mèo Bốn Biển đầy kinh nghiệm đã chung sức giúp nó hoàn thành trách nhiệm. Tuy nhiên, việc chăm sóc, dạy dỗ một con hải âu đâu phải chuyện đùa, sẽ có hàng trăm rắc rối nảy sinh và cần có những kế hoạch đầy linh hoạt được bàn bạc kỹ càng…','https://cdn0.fahasa.com/media/catalog/product/cache/1/image/9df78eab33525d08d6e5fb8d27136e95/i/m/image_188285.jpg',18),(11,0,'Tôi Vẽ - Phương Pháp Tự Học Vẽ Truyện Tranh',125000,12,'Tôi vẽ với 300 trang sách bao gồm những kỹ năng cơ bản cần có của một họa sĩ truyện tranh, từ tạo hình nhân vật, thiết kế bối cảnh, biểu cảm, các kỹ thuật diễn họa cho đến luật phối cảnh. Đây là một cuốn cẩm nang tuyệt vời dành cho các bạn đang bắt đầu học vẽ truyện tranh. Những kiến thức này có thể không giúp các bạn vẽ đẹp ngay lập tức nhưng sẽ là nền tảng vững chắc giúp bạn hình thành các tiêu chuẩn chuyên nghiệp trong nghề và không mất thời gian tự mò mẫm. Phần minh họa cho các bài học cũng rất hấp dẫn và sáng tạo. Các tác giả đã sử dụng chính nhân vật và trang truyện của mình để làm rõ sự liên quan giữa lý thuyết và thực tế, tính ứng dụng rõ ràng của các kỹ thuật và quy trình sáng tác. Trên thị trường hiện tại không thiếu những quyển sách dạy vẽ truyện tranh được dịch và biên tập lại từ nhiều nguồn nhưng đa số là kiểu sách “cầm tay chỉ việc”, không thật sữ hữu ích với các bạn trẻ Việt Nam – những bạn không theo học chuyên ngành mỹ thuật, thiếu kiến thức nền tảng về hội họa… Ngược lại, trong quyển Tôi vẽ, mọi phần kiến thức từ lớn đến nhỏ đều được lý giải và phân tích khá kỹ kèm ảnh minh họa rõ ràng, giúp người xem hiểu được gốc rễ vấn đề đồng thời áp dụng áp dụng vào nhiều “ngữ cảnh” khác nhau trong lúc sáng tác. Hệ thống kiến thức trong sách cũng được sắp xếp hợp lý từ thấp','https://cdn0.fahasa.com/media/catalog/product/cache/1/image/9df78eab33525d08d6e5fb8d27136e95/8/9/8936071672704.jpg',18),(12,0,'Mẹ Hỏi Bé Trả Lời 3-4 Tuổi',16000,16,'Bộ sách nhỏ xinh “Mẹ hỏi bé trả lời” tập hợp những trò chơi phong phú, câu đố thông minh giúp bé và cha mẹ có thể “học mà chơi, chơi mà học” qua các chủ đề: cách ứng xử, câu hỏi về tự nhiên, không gian, phân biệt hình khối, ngôn ngữ, toán học... Sách phân chia theo từng lứa tuổi với nội dung phong phú, những câu hỏi đáp hàm súc trí tuệ, hình ảnh dễ thương cùng nhiều phương pháp rèn luyện, hoàn toàn có thể khơi dậy trí thông minh và khả năng tiềm ẩn của bé.','https://cdn0.fahasa.com/media/catalog/product/cache/1/image/9df78eab33525d08d6e5fb8d27136e95/i/m/image_182815.jpg',18),(13,0,'Chuyện Kể Về Danh Nhân Thế Giới: Louis Pasteur',52000,52,'Các bạn có biết nhà bác học lỗi lạc thời Pháp Louis Pasteur đã phát minh ra vắc xin phòng bệnh than và bệnh dại, cứu nhân loại thoát khỏi những căn bệnh đáng sợ không? Tuy nhiên, ông không đăng kí bảo hộ những phát minh của mình mà cho phép mọi cá nhân, tổ chức có quyền sử dụng để phục vụ cuộc sống cộng đồng. Nhân loại sẽ mãi biết ơn Louis Pasteur, cha đẻ của thuyết học vi trùng, nhà bác học không chỉ có bộ óc thiên tài mà còn có trái tim ấm áp, tràn đầy tình yêu thương con người. “Khoa học không có ranh giới quốc gia, bởi vì kiến thức là tài sản của nhân loại.” - Louis Pasteur','https://cdn0.fahasa.com/media/catalog/product/cache/1/image/9df78eab33525d08d6e5fb8d27136e95/i/m/image_195509_1_45998.jpg',18),(14,0,'Bé Tập Kể Chuyện - Gà Tơ Đi Học',10000,10,'Bé Tập Kể Chuyện - Gà Tơ Đi Học Dựa trên bộ sách Bé tập kể chuyện đã xuất bản, bộ sách Bé tập kể chuyện - Mỗi tuần một câu chuyện được ra đời. Với nét vẽ tươi mới, hồn nhiên, 52 tập, tương ứng với 52 tuần trong một năm, giúp bé mỗi tuần đều có một câu chuyện hấp dẫn để tập kể, qua đó học được một bài học hay.','https://cdn0.fahasa.com/media/catalog/product/cache/1/image/9df78eab33525d08d6e5fb8d27136e95/i/m/image_83817.jpg',18),(15,0,'Danh Nhân Thế Giới: Êđixơn ',27000,27,'Thủa nhỏ, nhà phát minh Êđixơn là một cậu bé hay tò mò. Để trửng nở ra gà con, cậu đã ấp trứng như gà mái. Cậu cho bạn uống axit đun sôi với hy vọng bạn bay được lên trời, suýt nữa thì nguy to. Cậu luôn làm phiền lòng người lớn bởi những câu hỏi hóc búa khó trả lời. Thói quen của cậu là luôn tìm hiểu nguyên do và quy luật của mọi vật, mọi hiện tượng. Mặc dù không thích ứng được với việc học tập ở trường nhưng với sự dạy dỗ của mẹ, lòng yêu thích khoa học và ham tìm hiểu, cậu đã nhẫn nại, kiên trì theo đuổi bằng được hoài bão của mình. Cậu đi bán rau quả, bán báo trên tàu để lấy tiền mua sách, dụng cụ thí nghiệm. Để chế tạo bóng đèn điện Êđixơn hầu như thức trắng đêm thí nghiệm trên tất cả mọi thứ như sợi chỉ, râu, quạt... Còn để chế tạo ra ắcquy kiềm, ông phải tiến hành 50.000 cuộc thí nghiệm trong vòng 10 năm... Êđixơn gặp rất nhiều thất bại nhưng ông không nản chí. Tài năng, lòng say mê, kiên trì, nhẫn nại của ông đã đem lại cho nhân loại hơn 1.300 phát minh. Đó là những thứ vô cùng quý giá mà Êđixơn đã dâng tặng cho chúng ta. Câu chuyện về cuộc đời của các danh nhân nổi tiếng thế giới dưới hình thức truyện tranh sinh động giúp các em nhỏ hiểu hơn về hành trình trở thành những vĩ nhân của họ.','https://cdn0.fahasa.com/media/catalog/product/cache/1/image/9df78eab33525d08d6e5fb8d27136e95/i/m/image_181945.jpg',18),(16,0,'Vòng Quanh Thế Giới: Việt Nam',27000,21,'Mỗi đất nước trên thế giới đều có rất nhiều điều thú vị để khám phá. Với chuyến du hành Vòng quanh thế giới, bạn sẽ được ghé thăm rất nhiều quốc gia, địa điểm nổi tiếng, biết thêm nhiều truyền thống văn hóa, lễ hội lí thú của con người khắp mọi nơi. Nào, còn chần chừ gì nữa, lên đường thôi!','https://cdn0.fahasa.com/media/catalog/product/cache/1/image/9df78eab33525d08d6e5fb8d27136e95/i/m/image_184562.jpg',18),(17,0,'Bubu 47: Dũng Cảm',8500,84,'Những câu chuyện lễ giáo trong bộ sách này là những bài giáo dục đạo đức nho nhỏ giúp các em học hỏi những điều hay và tránh những thói quen, tật xấu để trở thành người con ngoan, trò giỏi.','https://cdn0.fahasa.com/media/catalog/product/cache/1/image/9df78eab33525d08d6e5fb8d27136e95/i/m/image_116419.jpg',18),(18,0,'Những Lời Yêu Thương Của Con Trẻ Dành Tặng Các Bố',9900,99,'Seri sách tranh “Vì sao tớ yêu...” được đông đảo bạn đọc nhỏ tuổi yêu thích và say mê đọc mỗi tối. Bằng tranh vẽ biểu cảm, thơ mộng về thế giới tự nhiên cùng lời văn êm ái, ngọt ngào như thơ, bộ sách “Vì sao tớ yêu...” là những lời yêu thương của con trẻ trên khắp thế giới dành tặng cho ông bà, cha mẹ mình...','https://cdn0.fahasa.com/media/catalog/product/cache/1/image/9df78eab33525d08d6e5fb8d27136e95/i/m/image_182428.jpg',18),(19,0,'Tớ Là Mèo Pusheen',25000,25,'\"Hài hước, kì lạ và vô cùng đáng yêu\"','https://cdn0.fahasa.com/media/catalog/product/cache/1/image/9df78eab33525d08d6e5fb8d27136e95/i/m/image_180905.jpg',18),(20,0,'Con Chim Xanh ',45000,45,'“Với “Con Chim Xanh”, Maeterlinck đã viết nên một tiên cảnh triết học. Trong chuyến đi dò tìm con chim siêu phàm, hai đứa trẻ Tyltyl và Mytyl không trải qua một cuộc phiêu lưu thường tình của các chuyện kể. Chúng không hề chạm trán với ông Trăn tinh, Hung thần Rồng,sự tàn nhẫn của các bà Tiên hay sự ranh ma của các đồ vật quỷ ám. Hành trình của chúng là một cuộc phiêu lưu “luân lí”, một cuộc tập sự vươn lên khôn lớn. Chúng dạo chơi giữa những thực thể và những phúng dụ.” LÉON BLUM  (Chính trị gia, Nhà phê bình văn học Pháp)','https://cdn0.fahasa.com/media/catalog/product/cache/1/image/9df78eab33525d08d6e5fb8d27136e95/i/m/image_195509_1_37341.jpg',18),(21,1,'Combo Trinh Thám Clare Mackintosh (Bộ 2 Cuốn)',215000,100,'Trong tầm ngắm - Khi Zoe Walker nhìn thấy ảnh của mình trên quảng cáo của tờ London Gazette, cô cố gắng tìm ra lý do tại sao nó lại ở đó. Không có một lời giải thích: một bức ảnh lờ mờ, một địa chỉ trang web và một số điện thoại. Zoe đem về nhà cho gia đình xem, được thuyết phục rằng chỉ là ai đó giống cô. Nhưng hôm sau, quảng cáo đó đã sử dụng hình ảnh một người phụ nữ khác và ngày hôm sau nữa cũng vậy. Một sai sót? Một sự trùng hợp? Hay có kẻ nào đó không ngừng theo dõi bước chân của những người phụ nữ. Giải thoát - Một nữ sinh trường Nghệ thuật xinh đẹp, ngây thơ và đầy sức sống. Một doanh nhân kiêm giảng viên đại học thành đạt và hào hoa. Họ là những con người bị số phận trớ trêu buộc vào nhau, và tạo nên kiệt tác văn học đang nằm trên tay bạn!','https://cdn0.fahasa.com/media/catalog/product/cache/1/image/9df78eab33525d08d6e5fb8d27136e95/i/m/image_180623.jpg',18),(22,1,'Pháp Y Tần Minh (Bộ 3 Cuốn)',380000,50,'\"Muốn cho người khác không biết, trừ phi mình đừng làm.\"','https://cdn0.fahasa.com/media/catalog/product/cache/1/image/9df78eab33525d08d6e5fb8d27136e95/8/9/8935095623785.jpg',18),(23,1,'Sự Im Lặng Của Bầy Cừu (Tái Bản 2019)',97500,97,'Những cuộc phỏng vấn ở xà lim với kẻ ăn thịt người ham thích trò đùa trí tuệ, những tiết lộ nửa chừng hắn chỉ dành cho kẻ nào thông minh, những cái nhìn xuyên thấu thân phận và suy tư của cô mà đôi khi cô muốn lảng tránh... Clarice Starling đã dấn thân vào cuộc điều tra án giết người lột da hàng loạt như thế, để rồi trong tiếng bức bối của chiếc đồng hồ đếm ngược về cái chết, cô phải vật lộn để chấm dứt tiếng kêu bao lâu nay vẫn đeo đẳng giấc mơ mình: tiếng kêu của bầy cừu sắp bị đem đi giết thịt.','https://cdn0.fahasa.com/media/catalog/product/i/m/image_180812.jpg',18),(24,1,'Luật Im Lặng (Mario Puzo)',57000,57,'“Tổ chức Mafia củng cố uy quyền bằng luật omerta nghĩa là làm thinh, câm nín. Dân quê Sicily kín miệng đến nỗi người lạ hỏi đường cũng làm thinh. Trong nội bộ Mafia có tội nào đáng chết bằng tội mật báo cảnh sát? Dù chỉ đi thưa lính, tố cáo một thằng vừa giết hụt mình hay vừa đánh đập mình có thương tích. Sau cùng luật omerta trở thành một đạo sống của mọi giới. Chồng con bị giết, con gái bị hãm hiếp, người đàn bà chính gốc Sicily chẳng bao giờ đi thưa lính, nhờ nhà nước giải quyết. Vì nhà nước không có quyền đó. Phải là Mafia!”','https://cdn0.fahasa.com/media/catalog/product/l/u/luat_im_lang_mario_puzo_1_2018_07_20_16_47_19.JPG',18),(25,1,'Án Mạng Trên Chuyến Tàu Tốc Hành Phương Đông (Tái Bản 2017)',90000,90,'Kẻ sát nhân đang đồng hành cùng chúng ta – trên chuyến tàu này…”. Vừa quá nửa đêm, chuyến tàu tốc hành phương Đông nổi tiếng buộc phải ngừng lại vì tuyết rơi quá dày. Vào buổi sáng, tay triệu phú Simon Ratchett được phát hiện nằm chết trong toa riêng của mình với mười hai nhát dao, cửa khoang được khóa từ bên trong. Một trong những hành khách có mặt trên chuyến tàu là thủ phạm. Một mình giữa cơn bão tuyết cùng nhân dạng mù mờ về tên sát nhân qua lời chứng của mọi người, thám tử Hercule Poirot phải tìm ra chân tướng kẻ thủ ác giữa mười hai kẻ thù của nạn nhân, trước khi tên giết người kịp đào thoát…','https://cdn0.fahasa.com/media/catalog/product/i/m/image_229110.jpg',18),(26,1,'Thiên Thần Và Ác Quỷ (Tái Bản 2020)',167000,167,'Robert Langdon giáo sư biểu tượng học của Harvard, được bí mật mời tới trung tâm nghiên cứu Hạt nhân Châu Âu – cơ quan nghiên cứu khoa học lớn nhất thế giới – để làm sáng tỏ cái chết của nhà vật lý học Leonardo Vetra. Biểu tượng bí ẩn được đóng dấu sắt nung trên ngực thi thể đưa đến một kết luận duy nhất: Hung thủ chính là  Illuminati – một hội kín tưởng chừng như đã tàn lụi từ 400 năm trước. Dường như hội kín vô cùng quyền lực này đã trở lại để tiếp tục cuộc báo thù nhằm vào nhà thờ công giáo, kẻ thù truyền kiếp của mình','https://cdn0.fahasa.com/media/catalog/product/t/h/thien-than-va-ac-quy-bia-truoc_tb_.jpg',18),(27,1,'Án Mạng Đêm Giáng Sinh',92000,92,'Tỉ phú Simeon Lee bất ngờ mời gia đình đến nhà tụ họp mừng Giáng sinh khiến cho khách khứa không khỏi nghi ngờ. Simeon không mấy có tình cảm gia đình, và không phải mọi thành viên trong nhà đều có quan hệ tốt đẹp. Đã vậy, ông còn mời Harry, thành viên bị ghét bỏ trong gia đình, và đứa cháu gái sinh ở Tây Ban Nha, Pilar, chưa từng ai trong gia đình gặp gỡ. Simeon chủ ý bày trò chơi ác với cảm xúc của gia đình ông. Một khách không mời xuất hiện – Stephen Farr, con trai của đối tác cũ của Simeon Lee thời khai thác kim cương – khiến cho ngôi nhà đầy ắp ngờ vực khi trò chơi trở thành chết chóc.','https://cdn0.fahasa.com/media/catalog/product/a/n/anmanhdemgiangsinh.png',18),(28,1,'Học Viện - The Institute',245000,245,'Học Viện là tác phẩm áp út của tác giả bán được hơn 350 triệu cuốn sách trên toàn thế giới, Stephen King. Tác phẩm mở ra với nhân vật Tim Jamieson, một cựu cảnh sát người Mỹ bị mất việc đang lang thang trên cuộc hành trình dọc về phía bắc. Tình cờ, anh tới một thị trấn không-ai-biết-tới: DuPray. Tại đây anh được nhận vào làm người gác đêm của thị trấn, mong rằng quãng thời gian sắp tới sẽ êm đềm...Thế nhưng đó chỉ là vòng ngoài, phần lớn câu chuyện diễn ra trong một cơ sở bí mật của chính phủ, với khung cảnh xám xịt, đen tối và đầy căng thẳng, xoay quanh một cậu bé 12 tuổi Luke Ellis.Luke Ellis là một thần đồng với dự định theo học tại hai trường đại học cùng một lúc. Nhưng rồi cuộc sống của cậu đã thay đổi hoàn toàn khi phát hiện ra mình tỉnh dậy trong một căn phòng giống hệt phòng ngủ tại nhà, nhưng nơi này lại là một cơ sở bí mật nằm ở vùng hẻo lánh giữa rừng già Bắc Maine với cái tên gọi: Học Viện. Ở đây có những đứa trẻ đặc biệt giống như cậu, sinh sống ở Khu nửa trước. Giám đốc của Học viện, bà Sigsby, và các nhân viên của bà ta hằng ngày tàn nhẫn khai thác sức mạnh từ những đứa trẻ này, nghiên cứu và sử dụng những món quà đặc biệt của chúng','https://cdn0.fahasa.com/media/catalog/product/i/m/image_222436.jpg',18),(29,1,'Nhà Ảo Thuật Đen Và Vụ Án Mạng Tại Thị Trấn Không Tên',173000,173,'Ở một thị trấn không tên, ảm đạm chẳng ai buồn ghé đến, hy vọng đổi đời nhờ một kế hoạch phát triển du lịch vô tiền khoáng hậu đã sụp đổ tan tành khi trận đại dịch tràn tới. Virus Corona làm đảo lộn cuộc sống, gieo rắc nỗi sợ hãi, khơi dậy bóng tối lẩn lút trong lòng người.Giữa bối cảnh đó, một vụ án mạng kỳ lạ xảy ra. Cảnh sát lặng im. Bí ẩn chồng chất bí ẩn. Hung thủ là ai? m mưu nào đang bao trùm thị trấn bé nhỏ này?','https://cdn0.fahasa.com/media/catalog/product/cache/1/small_image/600x600/9df78eab33525d08d6e5fb8d27136e95/8/9/8935235230873.jpg',18),(30,1,'Nguồn Cội',137000,137,'Khi sự kiện bắt đầu, Langdon và vài trăm quan khách bị cuốn hút bởi một bài thuyết trình độc đáo mà chính Langdon cũng nhận thấy rằng sẽ gây ra nhiều tranh cãi hơn những gì ông tưởng tượng. Nhưng sự kiện này đột nhiên biến thành cuộc hỗn loạn, và khám phá quý giá của Kirsch đang dần biến mất vĩnh viễn. Trước nguy cơ phải đối mặt với một mối đe doạ sắp xảy ra, Langdon bị buộc phải bỏ trốn để thoát khỏi Bilbao cùng Ambra Vidal - Hoàng hậu tương lai của Tây Ban Nha để tìm ra mật khẩu bí ẩn sẽ mở ra bí mật của Kirsch.Để chiến thắng những bí mật được giấu kín của lịch sử và tôn giáo cực đoan, Langdon và Ambra phải trốn tránh một thế lực với sức mạnh dường như xuất phát từ chính Hoàng gia Tây Ban Nha... và đang cố tìm cách để giữ Edmond Kirsch im lặng. Trên một hành trình được đánh dấu bởi các tác phẩm nghệ thuật hiện đại và các ký hiệu bí ẩn, Langdon và Vidal đã tìm ra những manh mối cuối cùng đưa họ đối mặt với khám phá gây sốc của Kirsch... và sự thật mà từ lâu chúng ta đã tìm kiếm.','https://cdn0.fahasa.com/media/catalog/product/cache/1/small_image/600x600/9df78eab33525d08d6e5fb8d27136e95/n/g/nguoncoi.jpg',18),(31,2,'Tư Tưởng HCM Và Con Đường Cách Mạng VN',80000,80,'Cuốn sách ra đời trên cơ sở nghiên cứu đề tài “Tư tưởng Hồ Chí Minh và con đường cách mạng Việt Nam” có mã số MX.02.01 thuộc Chương trình khoa học và công nghệ cấp nhà nước KX.02. Đây là đề tài có quy mô rộng lớn, nội dung rất phong phú, do Đại tướng Võ Nguyên Giáp trực tiếp làm Chủ nhiệm đề tài và Viện Nghiên cứu chủ nghĩa Mác – Lênin và tư tưởng Hồ Chí Minh là cơ quan chủ trì.','https://cdn0.fahasa.com/media/catalog/product/cache/1/image/9df78eab33525d08d6e5fb8d27136e95/i/m/image_220425.jpg',18),(32,2,'Bí Quyết Giải Toán Siêu Tốc Môn Vật Lí - Quyển Thượng',64000,64,'Cuốn sách như một cuốn \"Bách khoa toàn thư về Vật lí\", nơi giúp các bạn có thể tìm thấy câu trả lời cho mọi câu hỏi liên quan đến chương trình THPT, giúp các bạn có thể tự ôn tập và nắm vững kiến thức nhanh nhất, hiệu quả nhất, phục vụ cho kì thi THPT Quốc gia. Cuốn sách này cũng là tài liệu tham khảo quý giá cho học sinh THPT, sinh viên học vật lí đại cương và các thầy cô giáo.Nội dung của cuốn sách được biên soạn theo từng dạng bài, từng bài, từng chương như trong chương trình học trên lớp định hướng ra đề thi mới nhất của Bộ Giáo dục và Đào tạo. Trong mỗi dạng bài đều đưa ra phương pháp giải tổng quát và các công thức độc, lạ giúp các em có thể giải rất nhanh. Cuối mỗi dạng bài là các mẫu được giải cho tiết với nhiều phương pháp giải độc đáo, mới lạ cho một bài toán. Đồng thời, trong cuốn sách còn có rất nhiều bài tập HAY, LẠ và KHÓ được giải bằng kỹ thuật sử dụng máy tính cầm tay, giúp các bạn HS nâng cao khả năng tư duy sáng tạo khi gặp các bài toán khó ở mức độ vận dụng cao.','https://cdn0.fahasa.com/media/catalog/product/cache/1/small_image/600x600/9df78eab33525d08d6e5fb8d27136e95/i/m/image_237244.jpg',18),(33,2,'Cẩm Nang Cấu Trúc Tiếng Anh',78000,78,'Cuốn sách CẨM NANG CẤU TRÚC TIẾNG ANH gồm 25 phần, mỗi phần là một phạm trù kiến thức trong tiếng Anh được trình bày một cách ngắn gọn, đơn giản, cô đọng và hệ thống hoá dưới dạng sơ đồ, bảng biểu nhằm phát triển khả năng tư duy của người học và từ đó giúp người học nhớ kiến thức nhanh hơn và sâu hơn.Sau hầu hết các phần lí thuyết đều có 20-30 câu bài tập áp dụng để kiểm tra cũng như khắc sâu kiến thức cho người học.Tuy dày chưa đến 250 trang nhưng cuốn sách lại có thể bao trọn toàn bộ kiến thức từ đơn giản đến phức tạp cộng với cách tận dụng tối đa và áp dụng triệt để cách học tiếng Anh bằng sơ đồ tư duy.','https://cdn0.fahasa.com/media/catalog/product/cache/1/image/9df78eab33525d08d6e5fb8d27136e95/i/m/image_187866.jpg',18),(34,2,'Cẩm Nang Cấu Trúc Tiếng Anh',75000,75,'Cuốn sách CẨM NANG CẤU TRÚC TIẾNG ANH gồm 25 phần, mỗi phần là một phạm trù kiến thức trong tiếng Anh được trình bày một cách ngắn gọn, đơn giản, cô đọng và hệ thống hoá dưới dạng sơ đồ, bảng biểu nhằm phát triển khả năng tư duy của người học và từ đó giúp người học nhớ kiến thức nhanh hơn và sâu hơn.','https://cdn0.fahasa.com/media/catalog/product/cache/1/image/9df78eab33525d08d6e5fb8d27136e95/i/m/image_187866.jpg',18),(35,2,'Cao Thủ Ielts Đuổi Theo Chín Chấm',120000,120,'Cao Thủ IELTS Đuổi Theo Chín Chấm là cuốn sách đầu tay của tác giả Lê Minh Hà - một chàng trai say mê môn Toán trong suốt những năm tháng ngồi trên ghế nhà trường, say mê tiếng Anh nhờ khát khao lĩnh hội tri thức của nhân loại, và bất ngờ hơn, say mê tập luyện thể dục thể thao để nâng cao sức khỏe của bản thân và những người xung quanh.Có lẽ bạn đã được đọc/lắng nghe câu chuyện của không ít những tấm gương hay “gương mặt vàng” trong làng học tiếng Anh có xuất phát điểm là dân chuyên tự nhiên như Toán, Lý, Hóa. Họ sở hữu thành tích “khủng” với 8.5 - 9.0 IELTS, đậu các trường đại học nổi tiếng trên thế giới như Cambridge, Oxford. Đó từ lâu đã không còn là sự khác biệt “mò kim đáy bể” nữa vì người người học tiếng Anh, nhà nhà học tiếng Anh. Vậy thì các bạn học sinh chuyên tự nhiên học giỏi tiếng Anh âu cũng là điều dễ hiểu.Tuy vậy, trải nghiệm của mỗi người lại một khác. Đọc cuốn sách này, độc giả sẽ không trầm trồ vì tác giả Lê Minh Hà vốn là một cậu bé có tư duy và tâm hồn Toán học; mà sẽ bất ngờ trước sự nỗ lực kiên trì, bền bỉ và tình yêu anh dành cho tiếng Anh.Như tác giả đã bộc bạch, anh bắt đầu quan tâm đến tiếng Anh từ khi bước chân vào cổng trường Amsterdam - một trong những trường điểm của nền giáo dục từ ngày ấy đến giờ và quan sát thấy bạn bè cùng lớp đã sớm đầu tư thời gian học tiếng Anh. Anh tự hỏi thứ ngôn ngữ này có gì mà thú vị đến thế, để rồi khi tiếp xúc với truyền hình cáp qua các kênh như Star Movies, HBO, Disney Channel,… và mạng Internet với Wikipedia, The New York Times,… anh đã bị mê hoặc bởi thứ ngôn ngữ này từ lúc nào không hay.Anh chọn gắn bó với tiếng Anh trên con đường sự nghiệp, và để làm được điều đó, anh quyết tâm chinh phục đỉnh cao tiếng Anh - band điểm 9.0 IELTS cho cả 4 kỹ năng Nghe - Nói - Đọc - Viết. Khát khao ấy bùng lên trong anh như ngọn lửa, lẽ sống. Anh tự mày mò học để “lên trình” từng kỹ năng, anh đạp xe đến nhà sách để săn lùng những cuốn giáo trình “thần thánh”, anh kiên trì với thời gian biểu học tập đã đặt ra,… chưa có gì mà anh chưa thử. Từng bước một, anh gặt hái từng thành công nhỏ, để rồi đến cuối cùng, anh cắm lá cờ chinh phục đỉnh chín chấm IELTS - đánh dấu một thành tựu quan trọng trong cuộc đời chàng trai 9x tính đến thời điểm hiện tại. Phải nhấn mạnh rằng, những thành tựu anh có được đều nhờ tự học mà nên.','https://www.vinabook.com/images/thumbnails/product/240x/361519_p92188mielts.jpg',18),(36,2,'Giáo Trình Hán Ngữ - Sách Tổng Hợp (Tập 6) (Kèm CD)',75000,75,'Giáo Trình Hán Ngữ - Sách Tổng Hợp (Tập 6) là giáo trình biên soạn cho học viên người nước ngoài học Hán ngữ cấp tốc từ cơ bản đến nâng cao, chú trọng luyện tập kỹ năng nghe nói.Bài học trong giáo trình xoay quanh các chủ đề, bài tập có tính tập trung cao. Đặc điểm nổi bật của giáo trình là các chủ đề gần gũi cuộc sống thực tế, nội dung chân thực thú vị, ngôn ngữ sống động. Giáo trình được thiết kế nhằm phục vụ cho giáo viên, học viên dạy và học trên lớp đồng thời luyện tập các kỹ năng, giúp học viên nắm bắt ngôn ngữ Trung Quốc trong khoảng thời gian ngắn.Nội dung giáo trình được sàng lọc và sắp xếp những đề tài gần gũi với cuộc sống của học viên, học xong sử dụng được ngay, nội dung như vậy học viên thích học, muốn học. Ngôn ngữ trong bài học trôi chảy, thú vị dí dỏm, khiến học viên học tập hứng thú, khơi gợi tính tích cực học tập của học viên. Cách giảng giải các điểm ngữ pháp của giáo trình gốc sử dụng phương pháp quy nạp, bài học biên soạn không chịu sự khống chế của ngữ pháp, cho phép đưa ra điểm ngữ pháp mới','https://cdn0.fahasa.com/media/catalog/product/cache/1/small_image/600x600/9df78eab33525d08d6e5fb8d27136e95/8/9/8935072882075.jpg',18),(37,2,'Giáo Trình Lịch Sử Đảng Cộng Sản Việt Nam (Dành Cho Bậc Đại Học Hệ Chuyên Lý Luận Chính Trị)',115000,115,'Giáo trình cung cấp cho sinh viên những tri thức vừa cơ bản, vừa chuyên sâu, mang tính hệ thống về quá trình ra đời và lãnh đạo cách mạng của Đảng Cộng sản Việt Nam; cung cấp cơ sở lịch sử, củng cố niềm tin của thế hệ trẻ vào con đường cách mạng giải phóng dân tộc và phát triển đất nước; trang bị phương pháp nhận thức biện chứng, khách quan về quá trình Đảng ra đời và lãnh đạo cách mạng; tổng kết kinh nghiệm, bài học về lãnh đạo, chỉ đạo trong các thời kỳ lịch sử, tìm ra quy luật riêng của cách mạng Việt Nam,… từ đó nâng cao hiểu biết lý luận, nắm bắt thực tiễn, vận dụng vào xem xét, đánh giá vai trò và sự lãnh đạo của Đảng, góp phần thiết thực vào công tác xây dựng Đảng ngày càng vững mạnh, đáp ứng yêu cầu nhiệm vụ mới trong quá trình công nghiệp hóa, hiện đại hóa đất nước, xây dựng thành công chủ nghĩa xã hội ở Việt Nam.','https://cdn0.fahasa.com/media/catalog/product/cache/1/small_image/600x600/9df78eab33525d08d6e5fb8d27136e95/i/m/image_241794.jpg',18),(38,2,'Giáo Trình Triết Học Mác - Lênin (Dành Cho Bậc Đại Học Hệ Không Chuyên Lý Luận Chính Trị)',97000,97,'Giáo trình được biên soạn theo yêu cầu đổi mới căn bản, toàn diện giáo dục và đào tạo, phù hợp với đối tượng người học, nhằm cung cấp những tri thức hiểu biết có tính nền tảng và hệ thống về triết học Mác - Lênin; xây dựng thế giới quan duy vật và phương pháp luận biện chứng duy vật làm nền tảng lý luận cho việc nhận thức các vấn đề, nội dung của các môn học khác; nhận thức được thực chất giá trị, bản chất khoa học, cách mạng của triết học Mác - Lênin. Đồng thời, giúp cho sinh viên vận dụng tri thức triết học Mác - Lênin, thế giới quan duy vật và phương pháp luận biện chứng duy vật để rèn luyện tư duy, giúp ích trong học tập và cuộc sống.','https://cdn0.fahasa.com/media/catalog/product/cache/1/small_image/600x600/9df78eab33525d08d6e5fb8d27136e95/i/m/image_241798.jpg',18),(39,2,'Giáo Trình Tiếng Nhật Sơ Cấp (Tập 2 ) - SHIN NIHONGO NO KISO II (Bản Dịch Tiếng Việt)',50000,50,'Học tiếng Nhật là một xu hướng rất phát triển hiện nay, học tiếng Nhật không chỉ để đi du học hay nghiên cứu mà còn để nâng cao cơ hội có việc làm. Nhưng có một thực trạng là số người học tiếng Nhật vẫn bị hạn chế vì một số lí do.Dù bộ giáo trình Minna no nihongo phổ biến nhất hiện nay nhưng đối tượng học vẫn bị giới hạn. MCBooks – chuyên sách ngoại ngữ – xin gửi đến các bạn học viên bộ giáo trình cũng hay được sử dụng hiện nay đó là bộ Giáo trình Shin Nihongo no Kiso để mở rộng đối tượng học tiếng Nhật, đặc biệt là trong ngành kỹ thuật.Giáo trình này rất tiện cho việc thực hành giao tiếp theo các tình huống trực tiếp trong công ty, việc làm. Vì vậy học theo giáo trình này sẽ đáp ứng được 4 kỹ năng: Nghe, Nói, Đọc, Viết và nhanh chóng đạt được kết quả tốt. Các cơ sở đào tạo tiếng Nhật tại Việt Nam có thể sử dụng bộ giáo trình này là bộ giáo trình chính khi giảng dạy và cũng có thể kết hợp với các giáo trình phụ trợ khác, ngược lại sử dụng bộ giáo trình này hỗ trợ cho giáo trình khác để nâng cao chất lượng đào tạo.','https://cdn0.fahasa.com/media/catalog/product/cache/1/small_image/600x600/9df78eab33525d08d6e5fb8d27136e95/g/i/giao-trinh-tieng-nhat-so-cap-shin-nihongo-no-kiso-2-ban-dich-tieng-viet.jpg',18),(40,2,'Giáo Trình Chủ Nghĩa Xã Hội Khoa Học (Dành Cho Bậc Đại Học Hệ Không Chuyên Lý Luận Chính Trị)',58000,58,'Giáo trình gồm 7 chương. Ngoài chương nhập môn trình bày sự ra đời, các giai đoạn phát triển của chủ nghĩa xã hội gắn liền với vai trò của C. Mác, Ph. Ăngghen và V.I. Lênin; đối tượng, phương pháp và ý nghĩa việc nghiên cứu, học tập môn Chủ nghĩa xã hội khoa học; các chương còn lại trình bày một cách hệ thống, toàn diện lý luận về chủ nghĩa xã hội và thời kỳ quá độ lên chủ nghĩa xã hội với những đặc trưng bản chất về: Sứ mệnh lịch sử của giai cấp công nhân; Chủ nghĩa xã hội và thời kỳ quá độ lên chủ nghĩa xã hội; Nền dân chủ và Nhà nước xã hội chủ nghĩa; Cơ cấu xã hội - giai cấp và liên minh giai cấp, tầng lớp trong thời kỳ quá độ lên chủ nghĩa xã hội; Vấn đề dân tộc và tôn giáo trong thời kỳ quá độ lên chủ nghĩa xã hội; Vấn đề gia đình trong thời kỳ quá độ lên chủ nghĩa xã hội.','https://cdn0.fahasa.com/media/catalog/product/cache/1/small_image/600x600/9df78eab33525d08d6e5fb8d27136e95/i/m/image_241800.jpg',18),(41,3,'Mắt Biếc',90000,90,'Mắt biếc là một tác phẩm được nhiều người bình chọn là hay nhất của nhà văn Nguyễn Nhật Ánh. Tác phẩm này cũng đã được dịch giả Kato Sakae dịch sang tiếng Nhật để giới thiệu với độc giả Nhật Bản.“Tôi gửi tình yêu cho mùa hè, nhưng mùa hè không giữ nổi. Mùa hè chỉ biết ra hoa, phượng đỏ sân trường và tiếng ve nỉ non trong lá. Mùa hè ngây ngô, giống như tôi vậy. Nó chẳng làm được những điều tôi ký thác. Nó để Hà Lan đốt tôi, đốt rụi. Trái tim tôi cháy thành tro, rơi vãi trên đường về.”… Bởi sự trong sáng của một tình cảm, bởi cái kết thúc buồn, rất buồn khi xuyên suốt câu chuyện vẫn là những điều vui, buồn lẫn lộn…','https://cdn0.fahasa.com/media/catalog/product/cache/1/image/9df78eab33525d08d6e5fb8d27136e95/m/a/mat-biec_bia-mem_in-lan-thu-44.jpg',18),(42,3,'50 Sắc Thái - Đen (Tái Bản 2020)',150000,150,'50 Sắc thái được coi là bộ tiểu thuyết kỳ diệu, đã làm chao đảo cả ngành xuất bản trên toàn thế giới. Tính đến nay, bộ tiểu thuyết có mặt ở 37 quốc gia và đã tiêu thụ khoảng 70 triệu bản trên toàn cầu, vượt qua cả cậu bé phù thủy Harry Potter và cuốn tiểu thuyết kinh điển Mật mã Davinci. Ở Việt Nam, số lượng in cho lần xuất bản đầu tiên của 50 sắc thái cũng lên tới vài vạn bản – con số đáng mơ ước cho bất cứ tác giả nào.  Điều gì khiến hàng triệu triệu độc giả dành mối quan tâm đặc biệt cho bộ tiểu thuyết? TÌNH DỤC – trung tâm của tác phẩm chứ không chỉ đóng vai trò gia vị thêm đậm đà cho một câu chuyện tình lãng mạn – chính là câu trả lời. Nội dung xoay quanh đôi tình nhân trẻ Christian Grey – một triệu phú thành đạt, đứng đầu một tập đoàn kinh doanh đa quốc gia khổng lồ nhưng có cuộc sống bí hiểm và Anastasia Steele – cô nữ sinh 22 tuổi đầy trong sáng nhưng còn thiếu kinh nghiệm trường đời. Độc giả sẽ được tham gia vào một hành trình khám phá tâm hồn đầy đau khổ của Grey với nhiều cảnh quan hệ tình dục, “tra tấn” thể xác như nô lệ. Grey luôn bị dằn vặt bởi con quỷ trong sâu thẳm phần người và khát vọng kiểm soát mọi thứ trong cuộc đời mình. Tuy nhiên, khi đôi tình nhân đắm chìm trong những khát khao sâu thẳm, trong mọi đam mê nhục dục bản năng nhất thì mọi nút thắt cũng dần được tháo gỡ. Tác giả E L James đã chạm tới những ngóc ngách sâu cùng nhất, khao khát nhất mà con người thường đau khổ che đậy. Thông qua đó, bà cũng khuyến khích mỗi độc giả hãy thành thật hơn với nhu cầu, ham muốn của chính mình và dám bộc lộ cũng như chia sẻ điều đó với đối tác chăn gối, để hướng đến một cuộc sống lứa đôi viên mãn và hạnh phúc hơn. Chính sự dũng cảm đó đã mang đến thành công cho bộ tiểu thuyết và triệu triệu độc giả trên khắp thế giới truyền tay nhau, coi nó như một liều thuốc diệu kỳ cho những cuộc hôn nhân / những chuyện tình bên bờ băng giá.  Có thể nói, 50 Sắc thái đã góp phần “khơi thông” những rào cản lâu đời đối với quyền và sự tự do cá nhân của người phụ nữ. Bên cạnh đó, bộ tiểu thuyết gửi ngầm thông điệp rằng đời','https://cdn0.fahasa.com/media/catalog/product/cache/1/image/9df78eab33525d08d6e5fb8d27136e95/i/m/image_195509_1_36359.jpg',18),(43,3,'50 Sắc Thái - Xám (Tái Bản 2020)',160000,160,'50 Sắc thái được coi là bộ tiểu thuyết kỳ diệu, đã làm chao đảo cả ngành xuất bản trên toàn thế giới. Tính đến nay, bộ tiểu thuyết có mặt ở 37 quốc gia và đã tiêu thụ khoảng 70 triệu bản trên toàn cầu, vượt qua cả cậu bé phù thủy Harry Potter và cuốn tiểu thuyết kinh điển Mật mã Davinci. Ở Việt Nam, số lượng in cho lần xuất bản đầu tiên của 50 sắc thái cũng lên tới vài vạn bản – con số đáng mơ ước cho bất cứ tác giả nào.  Điều gì khiến hàng triệu triệu độc giả dành mối quan tâm đặc biệt cho bộ tiểu thuyết? TÌNH DỤC – trung tâm của tác phẩm chứ không chỉ đóng vai trò gia vị thêm đậm đà cho một câu chuyện tình lãng mạn – chính là câu trả lời. Nội dung xoay quanh đôi tình nhân trẻ Christian Grey – một triệu phú thành đạt, đứng đầu một tập đoàn kinh doanh đa quốc gia khổng lồ nhưng có cuộc sống bí hiểm và Anastasia Steele – cô nữ sinh 22 tuổi đầy trong sáng nhưng còn thiếu kinh nghiệm trường đời. Độc giả sẽ được tham gia vào một hành trình khám phá tâm hồn đầy đau khổ của Grey với nhiều cảnh quan hệ tình dục, “tra tấn” thể xác như nô lệ. Grey luôn bị dằn vặt bởi con quỷ trong sâu thẳm phần người và khát vọng kiểm soát mọi thứ trong cuộc đời mình. Tuy nhiên, khi đôi tình nhân đắm chìm trong những khát khao sâu thẳm, trong mọi đam mê nhục dục bản năng nhất thì mọi nút thắt cũng dần được tháo gỡ. Tác giả E L James đã chạm tới những ngóc ngách sâu cùng nhất, khao khát nhất mà con người thường đau khổ che đậy. Thông qua đó, bà cũng khuyến khích mỗi độc giả hãy thành thật hơn với nhu cầu, ham muốn của chính mình và dám bộc lộ cũng như chia sẻ điều đó với đối tác chăn gối, để hướng đến một cuộc sống lứa đôi viên mãn và hạnh phúc hơn. Chính sự dũng cảm đó đã mang đến thành công cho bộ tiểu thuyết và triệu triệu độc giả trên khắp thế giới truyền tay nhau, coi nó như một liều thuốc diệu kỳ cho những cuộc hôn nhân / những chuyện tình bên bờ băng giá.  Có thể nói, 50 Sắc thái đã góp phần “khơi thông” những rào cản lâu đời đối với quyền và sự tự do cá nhân của người phụ nữ. Bên cạnh đó, bộ tiểu thuyết gửi ngầm thông điệp rằng đời','https://cdn0.fahasa.com/media/catalog/product/cache/1/image/9df78eab33525d08d6e5fb8d27136e95/i/m/image_195509_1_37413.jpg',18),(44,3,'Nhật Ký Vùng Tâm Chấn',67000,67,'au một thảm họa thiên nhiên, thấy cuộc đời này ngắn ngủi và phù du như những cánh hoa anh đào. Xin hãy yêu thương nhiều hơn và hãy tha thứ nhiều hơn. Và ngay hôm nay, hãy làm tất cả những gì mình có thể cho cuộc đời này tươi đẹp hơn. Nguyễn Thị Phương Dung','https://cdn0.fahasa.com/media/catalog/product/cache/1/image/9df78eab33525d08d6e5fb8d27136e95/i/m/image_178279.jpg',18),(45,3,'Thiên Thần Nhỏ Của Tôi ',42000,42,'Khi dọn về ngôi nhà mới, Kha có một cô bạn nghèo sống trong ngõ hẻm gần đó. Khu vườn và ngôi biệt thự mà cha mẹ Kha được cấp không ngờ là nơi quen thuộc của Hồng Hoa, cứ như cô ấy đã gắn bó với nó từ lâu rồi. Vì thế, dù bị chủ nhà mới ngăn cấm, cô vẫn lén lút tìm vào khu vườn, để rồi gặp phải tai nạn... Và…','https://www.vinabook.com/images/thumbnails/product/240x/328046_p86265mscan0001.jpg',18),(46,3,'Ngôn Ngữ Tình Yêu',30000,30,'.. Vẻ đẹp thật sự không nằm trong dáng vẻ bên ngoài, mà ở bên trong trái tim. Chân giá trị không nằm trong những gì hữu hình mà nó tồn tại trong những cái vô hình. Tình thương yêu thật sự không nằm trong những việc đã làm, đã được biết đến, nó hiện hữu nơi những gì đã thực hiện trong thầm lặng... Mục lục: Chú voi con Cổ tích loài bướm Cổ tích cho những hy vọng không thành Cổ tích về ngọn nến Những đứa trẻ Hãy kiên nhẫn Con quái vật trong hang sâu Con yêu mẹ Hai con chó Bài học từ Hươu cao cổ Không bao giờ là quá trễ Một cách xử sự Bức tranh bị bôi bẩn Chú mèo không có miệng Một vài dòng... Lỗ nhỏ đắm thuyền Đích đến Đại bàng và Gà Trái tim hoàn hảo Cách nhìn mới về cuộc sống Ước mơ Đèn đỏ 5 cách để trở nên tự tin Hai con chim gáy Đương đầu cuộc sống Tảng đá Cái máy bơm ... Mời bạn đón đọc.','https://www.vinabook.com/images/thumbnails/product/240x/44929_51472.jpg',18),(47,3,'Trả Ta Kiếp Này',120000,120,'Có những thứ chỉ khi bản thân đói mềm mới thưởng thức nổi vị ngon của nó, cũng giống vậy, có những tính cách chỉ khi bản thân nguy hiểm thật sự mới bộc lộ ra bên ngoài. Đau đớn trên cơ thể luôn luôn giày vò con người ta hơn hẳn đau đớn trong tâm hồn. Bởi đau đớn trong tâm hồn ta có thể né tránh, có thể bỏ mặc, còn đau đớn trên cơ thể thì không. Nếu như chúng ta chiến thắng người khác, chi bằng hãy tự chiến thắng bản thân mình. Chiến thắng được bản thân thì có thể tự khống chế vận mệnh. Không chỉ lương thiện, ôn nhu, đơn thuần, xinh đẹp và ngây thơ mới có thể là nữ chính. Gian xảo tuyệt tình cũng hoàn toàn có thể!!! Chống chỉ định cho những trái tim yếu đuối.','https://www.vinabook.com/images/thumbnails/product/240x/137152_biatruocs425-u3.jpg',18),(48,3,'Người Tỉnh Nói Chuyện Mộng Du',48000,48,'Người Tỉnh Nói Chuyện Mộng Du (Tạp Văn) Mạc Ngôn từng được thế giới biết đến qua tác phẩm Cao lương đỏ, được đạo diễn Trương Nghệ Mưu chuyển thể thành phim. Bộ phim đã được giải cành cọ vàng tại Liên hoan Phim Cannes năm 1994. Mạc Ngôn nói về tản văn: ... Tôi vẫn thường nghĩ rằng, người viết tiểu thuyết lúc nào cũng cố ý giả trang , bôi phấn, bôi kem loè loẹt khiến độc giả khó mà hình dung được gương mặt thật của tác giả trong tiểu thuyết, nhưng trong những bài tản văn (cũng có thể gọi là tuỳ bút, cũng có thể gọi là tạp văn đại loại như vậy), tác giả thường quên hoá trang khi viết, do vậy bộ mặt thật của họ dễ dàng chường ra trước mắt độc giả... ... Thế tại sao lại có cuốn sách này? Bởi tôi nghĩ rằng, đang trong lúc trăm loài hoa quý đua nở thì cũng nên để cho một bông hoa đuôi chó ăn theo nở cùng; đang trong lúc muôn chim đang hát thì cứ để cho con quạ đen cất tiếng hoà vào tiếng hót của muôn chim. Cũng giống như chuyện xuất hiện và tồn tại của tôi bao lâu nay trên văn đàn khiến cho tất cả nam tác gia Trung Quốc đều trở thành Phan An, tập \"tản văn tuỳ bút\" này của tôi ra mắt tất nhiên sẽ làm cho tất cả những tập tản văn tuỳ bút chính hiệu vốn đã thâm sâu lại càng trở nên thâm sâu hơn, vốn đã cao thượng càng trở nên cao thượng hơn, vốn đã tốt đẹp càng trở nên tốt đẹp hơn, vốn đã uyên bác lại càng trở nên uyên bác hơn. Nhưng chẳng qua tất cả đều là mộng tưởng của tôi... Mục Lục: Vì sao tôi in tuyển tập này Ghi chép tản mạn ở nứơc Nga Tạp cảm về chó Vó ngựa Chó, chim và ngựa Ngưỡng vọng trời sao Tường hát Ba bài tạp cảm về chuyện ăn Tắm nứơc nóng Mười hai bài tạp cảm Giấc mơ đại học của tôi Tôi và âm nhạc Những con cừu và... tôi Tôi và rượu Chuyện cũ quê hương Chuyện đọc thuở ấu thơ Mộng dài văn chương Ba bài bút ký về chuyện đọc sách Bàn về Faulkner Suy đoán về Mishima Yukio Người tỉnh nói chuyện mộng du Siêu việt cố hương \"Gia tộc Cao lương đỏ\"  bị vong lục Đầu trâu mặt ngựa Nàng tiên mê hoặc. Mời bạn đón đọc.','https://www.vinabook.com/images/thumbnails/product/240x/21197_p27622.jpg',18),(49,3,'Ánh Hoàng Hôn Mỏng Manh',93000,93,'Ánh Hoàng Hôn Mỏng Manh Trên thế giới này, có một số thứ không phải là chân lý nhưng chúng ta vẫn cứ tin mà không chút hoài nghi. Ví như người ta hay nói: \"tình yêu không được dối trá\". Thế mà anh đã lừa dối cô, cứ như thế một lần rồi hai lần, nhưng cuối cùng cô đã phát hiện ra, người nói dối nhiều nhất lại chính là cô. Ví như: \"tình yêu thì không thể song hành cùng thù hận\" nhưng cô lại hận anh. Từ đầu đến cuối, vẫn như vậy. Và cuối cùng, cô quên mất một điều rằng, chính sự thù hận đó đã đưa cô đến bên anh. Lại như: \"có một người tồn tại vì một người khác, chẳng cần phải tìm rốt cuộc vẫn gặp được người ấy\". Cho nên, số phận đã buộc họ phải yêu nhau, cho dù giữa họ có muôn ngàn cách trở. Đây không phải là một câu chuyện về giới xã hội đen, cũng không phải là câu chuyện về lòng thù hận; càng không phải là những dòng ghi chép về nỗi ân hận, giày vò; đây là một cuốn sách viết về tình yêu. Một đôi nam nữ cùng lợi dụng nhau. Một mối quan hệ đầy những rắp tâm. Và một tình yêu không có lối thoát... Nữ nhà báo Phương Thần xinh đẹp của một tòa báo nọ trong một lần tình cờ đã quen biết với Hàn Duệ, một người đàn ông lạnh lùng, bí hiểm, có xuất thân là một nhân vật của xã hội đen. Sau một vài lần tiếp xúc, Phương Thần nghi ngờ Hàn Duệ có liên quan đến cái chết ngoài ý muốn của chị gái mình mấy năm trước. Vì thế, cô tìm cách tiếp cận với anh hòng mong tìm ra nguyên nhân chính gây nên cái chết của chị gái. Thế nhưng, sau thời gian ở bên anh, sau nhiều sự việc cùng trải qua với anh, Phương Thần phát hiện ra rằng, cô đã dần dần yêu người đàn ông đầy bí hiểm này. Đúng lúc xác nhận được tình cảm của mình thì Phương Thần được biết, Hàn Duệ chính là hung thủ đã giết chết chị gái cô. Liệu đây có phải là một thông tin chính xác hay là một âm mưu? Một mối tình bắt đầu từ hận thù. Cô đã đến bên anh cùng với mối căm hận, và bị anh dành cho thứ thuốc độc đầy yêu thương. Cô nên tiếp tục yêu hay tiếp tục hận thù? \"Phương Thần rất muốn ngủ, không phải bởi vì cô mệt mỏi, mà là vì cô muốn nằm mơ. Phương Thần muốn nằm mơ thấy Hàn Duệ, dù chỉ một lần cũng được. Thế nhưng trong giấc ngủ, cô không thể gặp được con người đã từng để lại ấn tượng sâu sắc trong cuộc đời cô. Dường như anh anh đã hòa vào ánh lửa ngút trời ấy, biến mất ngay trong đêm ấy. Và cả trong giấc mơ của cô nữa. Anh đã rời xa cô rồi...\" Mời bạn đón đọc.','https://www.vinabook.com/images/thumbnails/product/240x/44318_50861.jpg',18),(50,3,'Tháng Ngày Ta Đã Qua',95000,95,'“Tháng ngày ta đã qua” - Câu chuyện tình yêu đẹp đẽ mà tàn khốc. Trị thương cứu người là đánh giá của Thẩm Trì về nghề nghiệp của Thừa Ảnh. Những gì cô làm đặt bên cạnh thế giới của anh là sự trớ trêu của số phận, tình cảm của họ dành cho nhau như một trò đùa của tạo hóa. Cô chỉ cần lặng yên đứng đó sẽ khiến anh liên tưởng đến điều tốt đẹp nhất và bình yên nhất trên thế gian. Nhưng, những điều này vốn không hề tồn tại trong thế giới tối tăm và nguy hiểm của anh. Định nghĩa về tình yêu chưa bao giờ chỉ là ngọt ngào, phải trải qua rèn giũa và dằn vặt, cũng sẽ có những thời điểm cãi vã vụn vặt, cho đến khi chúng ta chân chính hiểu biết lẫn nhau, cầm tay nhau sống quãng đời còn lại. Những ngày tháng cũ không thể quay trở lại, mối tình thuần khiết trải qua bao đau thương và vương vấn. Yêu càng sâu đậm lòng càng thương đau. Tháng ngày ta đã qua có lẽ tất cả đều đã thay đổi, chỉ có tình yêu vẫn chưa từng đổi thay. Mời bạn đón đọc.','https://www.vinabook.com/images/thumbnails/product/240x/170915_p61195m003.jpg',18),(51,3,'Mưa Gió Thoáng Qua, Tôi Yêu Em',98000,98,'Mưa gió thoáng qua tôi yêu em, mưa ngừng mấy độ tôi là chính mình.Thư Quân, trẻ trung, vô tư, đang lúc thất nghiệp nghe lời dụ dỗ của một người bạn đã thử bước chân vào làng giải trí, không mơ ước trở thành minh tinh, chỉ là nhân lúc nhàn rỗi thử tham gia cho vui. Chu Tử Hành một tổng giám đốc phong độ, hào hoa, niềm mơ ước của bao cô gái. Họ tình cờ gặp nhau một lần ở mảnh đất cổ kính, đẹp mộng mơ Lệ Giang. Gặp lại nhau ở thành phố nhộn nhịp. Họ lựa chọn cách tiếp tục yêu nhau trong thầm lặng, không cần khoa trương với thiên hạ, họ chỉ cần có được sự ấm áp. Tình cảm là một vở diễn, ai là người diễn tốt nhất? Cô không hề biết rằng, trái tim anh giống như viên kim cương để trong con búp bê Nga nhiều lớp, cần có người đi mở từng lớp, từng lớp mới có được thu hoạch hoàn mỹ. Không biết từ lúc nào sự trở ngại giữa hai người đã biến thành một chữ \"yêu\" khó lý giải?','https://www.vinabook.com/images/thumbnails/product/240x/38192_44735.jpg',18),(52,3,'Bạn Đắt Giá Bao Nhiêu?',85000,85,'Câu trả lời này do chính bạn quyết định, chính bạn “định giá”. Hơn bốn mươi câu chuyện trong sách xoay quanh các chủ đề tình yêu, hôn nhân, gia đình, sự nghiệp… đến từ chính cuộc sống của tác giả và những người xung quanh, vừa thực tế lại vừa gợi mở, dễ dàng giúp chúng ta liên hệ với tình huống của chính mình. Với những câu chuyện đó, Vãn Tình hi vọng có thể giúp các cô gái thoát khỏi tình cảnh khó khăn, tìm lại bản ngã, sống cuộc đời theo cách mà mình mong muốn. Đọc cuốn sách này, đôi khi bạn nên dừng lại và thành thực với bản thân, liệu bạn có đang là phiên-bản-mà-bạn-yêu-thích-nhất, phiên-bản-bạn-mong- muốn-trở-thành. Hãy thử trả lời các câu hỏi: Sự thỏa hiệp có làm bạn hạnh phúc hay không? Bạn có đang cố gắng lấy lòng tất cả mọi người? Bạn có dám thay đổi?... Và quan trọng nhất: Bạn đắt giá bao nhiêu? “Khi chúng ta đủ xuất sắc và thông tuệ, chúng ta sẽ có được một trái tim thông thái và một đôi mắt trong trẻo, nhìn thấu thực tại và sự khắc nghiệt của thế gian, phân biệt được mọi thị phi sai đúng, nhưng vẫn sống tự tin và nhiệt tình. Hi vọng chúng ta đều sẽ trở thành một cô gái như vậy…” “Các cô gái thân mến, mong rằng sự trưởng thành của chúng ta không phải đến từ sự thương tổn. Không cần trở thành một cô gái được tất-cả-mọi-người yêu quý, nhưng nhất định phải trở thành một cô gái mà chính-mình-yêu-thích.” “Trong chúng ta, có rất nhiều người cố gắng cả đời cũng không thể tìm thấy tình yêu chân thành, bởi vì chúng ta đã thỏa hiệp với cuộc sống trước khi tình yêu ấy xuất hiện.” Mời bạn đón đọc.','https://www.vinabook.com/images/thumbnails/product/240x/300790_p81958mbandat.jpg',18),(53,3,'Lấy Tình Thâm Mà Đổi Đầu Bạc',102000,102,'Vãn Tình vốn được biết đến là tác giả bộ ba best-seller Bạn đắt giá bao nhiêu?, Khí chất bao nhiêu – Hạnh phúc bấy nhiêu và Không tự khinh bỉ – Không tự phí hoài từng tạo nên một làn sóng thay đổi tư duy của hàng triệu phụ nữ. Sự trở lại lần này của Vãn Tình với Lấy tình thâm mà đổi đầu bạc hứa hẹn mang đến cho độc giả những câu chuyện tình yêu, cuộc sống, hôn nhân, gia đình đầy gần gũi và ấm áp, đặc biệt được giải nghĩa thêm từ góc nhìn trực diện và đầy lý trí của một người đàn ông, cũng chính là chồng của tác giả. Cuốn sách như một liều thuốc giúp xoa dịu những tâm hồn đang đau khổ trong tình yêu, tiếp thêm niềm tin và hi vọng cho những người đang theo đuổi một hôn nhân hạnh phúc. Và quan trọng hơn cả, cổ vũ cho tất cả phụ nữ biết yêu và trân quý chính bản thân mình. “Năm tháng thanh xuân tôi luôn theo đuổi một tình yêu sống chết có nhau. Cứ mỗi lần thấy những cảnh sinh ly tử biệt trong phim tôi lại khóc nức nở. Còn bây giờ lại dễ xúc động bởi những khung cảnh giản dị nhưng đầy ấm áp, chỉ muốn được sống mãi trong hạnh phúc nhỏ bé của mình. Mong rằng năm tháng ấm áp, cả đời bình yên.” - Lấy tình thâm mà đổi đầu bạc, Vãn Tình Mời bạn đón đọc.','https://www.vinabook.com/images/thumbnails/product/240x/353303_p90574mlaytinh.jpg',18),(54,3,'Thay Đổi Cuộc Sống Với Nhân Số Học',120000,120,'Cuốn sách Thay đổi cuộc sống với Nhân số học là tác phẩm được chị Lê Đỗ Quỳnh Hương phát triển từ tác phẩm gốc “The Complete Book of Numerology” của tiến sỹ David A. Phillips, khiến bộ môn Nhân số học khởi nguồn từ nhà toán học Pythagoras trở nên gần gũi, dễ hiểu hơn với độc giả Việt Nam. Đầu năm 2020, chuỗi chương trình “Thay đổi cuộc sống với Nhân số học” của  biên tập viên, người dẫn chương trình quen thuộc tại Việt Nam Lê Đỗ Quỳnh Hương ra đời trên Youtube, với mục đích chia sẻ kiến thức, giúp mọi người tìm hiểu và phát triển, hoàn thiện bản thân, các mối quan hệ xã hội thông qua bộ môn Nhân số học. Chương trình đã nhận được sự yêu mến và phản hồi tích cực của rất nhiều khán giả và độc giả sau mỗi tập phát sóng. Nhân số học là một môn nghiên cứu sự tương quan giữa những con số trong ngày sinh, cái tên với cuộc sống, vận mệnh, đường đời và tính cách của mỗi người. Bộ môn này đã được nhà toán học Pythagoras khởi xướng cách đây 2.600 năm và sau này được nhiều thế hệ học trò liên tục kế thừa, phát triển. Có thể xem, Nhân số học là một bộ môn Khám phá Bản thân (Self-Discovery), đọc vị về số. Bộ môn này giúp giải mã những tín hiệu mà cuộc sống đã gửi đến từng cá thể con người trong đời sống, tương tự như Nhân tướng học hay Nhân trắc học…Khi nghiêm túc nghiên cứu sự tồn tại và mối tương quan giữa các con số xuất hiện trong ngày, tháng, năm sinh của mỗi người qua Nhân số học, ta có thể hiểu được khá nhiều về bản thân mình, cũng như mối quan hệ của mình với người khác. Nếu hiểu những \"mật mã\" nằm ẩn dưới những con số, chúng ta có thể kiểm soát cuộc sống của mình, điều chỉnh chúng theo hướng ngày càng tốt đẹp hơn, phù hợp với năng lực, tính cách của mình hơn. Trong quyển sách “Thay đổi cuộc sống với Nhân số học”, Lê Đỗ Quỳnh Hương đã sử dụng khoảng 60% nền tảng tri thức từ quyển sách “The Complete Book of Numerology” (tạm dịch: Một quyển sách toàn diện về Nhân số học) của Tiến sĩ David A. Phillips (1934 – 1993) và 40% kết quả nghiên cứu của chị sau khi phân tích hơn 500 trường hợp cụ thể của những người Việt Nam sinh ra trong thế kỷ 21.','https://cdn0.fahasa.com/media/catalog/product/cache/1/image/9df78eab33525d08d6e5fb8d27136e95/t/d/tdcsvnsh.jpg',18),(55,3,'Đắc Nhân Tâm (Khổ Lớn) (Tái Bản)',20000,20,'Đắc nhân tâm của Dale Carnegie là quyển sách của mọi thời đại và một hiện tượng đáng kinh ngạc trong ngành xuất bản Hoa Kỳ. Trong suốt nhiều thập kỷ tiếp theo và cho đến tận bây giờ, tác phẩm này vẫn chiếm vị trí số một trong danh mục sách bán chạy nhất và trở thành một sự kiện có một không hai trong lịch sử ngành xuất bản thế giới và được đánh giá là một quyển sách có tầm ảnh hưởng nhất mọi thời đại. Đây là cuốn sách độc nhất về thể loại self-help sở hữu một lượng lớn người hâm mộ. Ngoài ra cuốn sách có doanh số bán ra cao nhất được tờ báo The New York Times bình chọn trong nhiều năm. Cuốn sách này không còn là một tác phẩm về nghệ thuật đơn thuần nữa mà là một bước thay đổi lớn trong cuộc sống của mỗi người. Nhờ có tầm hiểu biết rộng rãi và khả năng ‘ứng xử một cách nghệ thuật trong giao  tiếp’ – Dale Carnegie đã viết ra một quyển sách với góc nhìn độc đáo và mới mẻ trong giao tiếp hàng ngày một cách vô cùng thú vị – Thông qua những mẫu truyện rời rạc nhưng lại đầy lý lẽ thuyết phục. Từ đó tìm ra những kinh nghiệm để đúc kết ra những nguyên tắc vô cùng ‘ngược ngạo’, nhưng cũng rất logic dưới cái nhìn vừa sâu sắc, vừa thực tế. Hơn thế nữa, Đắc Nhân Tâm còn đưa ra những nghịch lý mà từ lâu con người ta đã hiểu lầm về phương hướng giao tiếp trong mạng lưới xã hội, thì ra, người giao tiếp thông minh không phải là người có thể phát biểu ra những lời hay nhất, mà là những người học được cách mỉm cười, luôn biết cách lắng nghe, và khích lệ câu chuyện của người khác. Cuốn sách Đắc Nhân Tâm được chia ra làm 4 nội dung chính và mỗi phần cũng là một bài học về cuộc sống.','https://cdn0.fahasa.com/media/catalog/product/cache/1/image/9df78eab33525d08d6e5fb8d27136e95/9/5/9558a365adde6688d4c71a200d78310c.jpg',18),(56,3,'Khéo Ăn Nói Sẽ Có Được Thiên Hạ - Bản Mới',150000,150,'Trong xã hội thông tin hiện đại, sự im lặng không còn là vàng nữa, nếu không biết cách giao tiếp thì dù là vàng cũng sẽ bị chôn vùi. Trong cuộc đời một con người, từ xin việc đến thăng tiến, từ tình yêu đến hôn nhân, từ tiếp thị cho đến đàm phán, từ xã giao đến làm việc... không thể không cần đến kĩ năng và khả năng giao tiếp. Khéo ăn khéo nói thì đi đâu, làm gì cũng gặp thuận lợi. Không khéo ăn nói, bốn bề đều là trở ngại, khó khăn. Trong thời đại thông tin và liên lạc phát triển nhanh chóng, tin tức được cập nhật liên tục, các công cụ thông tin và kĩ thuật truyền thông được ứng dụng rộng rãi như ngày nay thì việc khéo ăn nói đã trở thành “cái tài số một thiên hạ”. Trong khoảng thời gian ngắn nhất, nếu ai có thể nêu bật được khả năng, thực lực của mình cho đối phương biết thì đó sẽ là người chiến thắng. Chính vì vậy mà câu nói “Khéo ăn nói sẽ có được thiên hạ” rất có ý nghĩa. Vậy, như thế nào mới gọi là biết cách ăn nói? Nói năng lưu loát, không ấp úng có được gọi là biết cách nói chuyện không? Nói ngắn gọn, nói ít nhưng ý nghĩa thâm sâu có được gọi là biết cách nói chuyện không? Hay nhất định phải nói nhiều mới là biết nói chuyện? Trong cuộc sống thường ngày, chúng ta thấy rằng: Biết cách nói chuyện không nhất định là phải nói nhiều, quan trọng là phải nói đúng trọng tâm, đúng nội dung. Và điều quan trọng là phải nắm được vấn đề mình đang nói đến. Chắc chắn rất nhiều người đã gặp phải tình huống như thế này: Có những nhân viên tiếp thị khi gặp khách hàng thì giống như một cái máy, nói không ngừng nghỉ, không để ý tới phản ứng và cảm nhận của khách hàng, không cần biết vị khách đó có đang nghe lời giới thiệu về sản phẩm hay không. Nếu làm việc như vậy thì người đó nắm chắc phần thất bại. Trong cuộc sống và trong công việc, chúng ta cũng rất hay gặp phải hiện tượng như sau: Nhiều người khi nói chuyện với người quen thì nói rất hay, không bị mất bình tĩnh hay ấp úng.','https://cdn0.fahasa.com/media/catalog/product/cache/1/image/9df78eab33525d08d6e5fb8d27136e95/b/i/bia_26_8.jpg',18),(57,3,'Tuổi Trẻ Đáng Giá Bao Nhiêu? (Tái Bản 2018)',190000,190,'“Bạn hối tiếc vì không nắm bắt lấy một cơ hội nào đó, chẳng có ai phải mất ngủ. Bạn trải qua những ngày tháng nhạt nhẽo với công việc bạn căm ghét, người ta chẳng hề bận lòng. Bạn có chết mòn nơi xó tường với những ước mơ dang dở, đó không phải là việc của họ. Suy cho cùng, quyết định là ở bạn. Muốn có điều gì hay không là tùy bạn. Nên hãy làm những điều bạn thích. Hãy đi theo tiếng nói trái tim. Hãy sống theo cách bạn cho là mình nên sống. Vì sau tất cả, chẳng ai quan tâm.” “Tôi đã đọc quyển sách này một cách thích thú. Có nhiều kiến thức và kinh nghiệm hữu ích, những điều mới mẻ ngay cả với người gần trung niên như tôi. Tuổi trẻ đáng giá bao nhiêu? được tác giả chia làm 3 phần: HỌC, LÀM, ĐI. Nhưng tôi thấy cuốn sách còn thể hiện một phần thứ tư nữa, đó là ĐỌC. Hãy đọc sách, nếu bạn đọc sách một cách bền bỉ, sẽ đến lúc bạn bị thôi thúc không ngừng bởi ý muốn viết nên cuốn sách của riêng mình. Nếu tôi còn ở tuổi đôi mươi, hẳn là tôi sẽ đọc Tuổi trẻ đáng giá bao nhiêu? nhiều hơn một lần.” - Đặng Nguyễn Đông Vy, tác giả, nhà báo','https://cdn0.fahasa.com/media/catalog/product/cache/1/image/9df78eab33525d08d6e5fb8d27136e95/i/m/image_180164_2_287.jpg',18),(58,3,'OSHO - Yêu - Being In Love',130000,130,'“YÊU” TRONG TỈNH THỨC VỚI OSHO Một chỉ dẫn “yêu không sợ hãi” đầy ngạc nhiên từ bậc thầy tâm linh Osho Những người đói khát trong nhu cầu, những người luôn kỳ vọng ở tình yêu chính là những người đau khổ nhất. Hai kẻ đói khát tìm thấy nhau trong một mối quan hệ yêu đương cùng những kỳ vọng người kia sẽ mang đến cho mình thứ mình cần – về cơ bản sẽ nhanh chóng thất vọng về nhau và cùng mang đến ngục tù khổ đau cho nhau. Trong cuốn sách Yêu, Osho - bậc thầy tâm linh, người được tôn vinh là một trong 1000 người kiến tạo của thế kỷ 20 – đã đưa ra những kiến giải sâu sắc về nhu cầu tâm lý có sức mạnh lớn nhất của nhân loại và “chỉ cho chúng ta cách trải nghiệm tình yêu”. Trong “Yêu” (Tựa gốc: Being in Love), Osho dẫn người đọc vào một hành trình tìm hiểu táo bạo và đầy sôi nổi về “hiện tượng bí ẩn” mang tên tình yêu.  “Điều bạn cần làm không phải là học cách yêu, mà là loại bỏ những cách đánh mất tình yêu”, ông mở đầu. Trước tiên, Osho đưa ra một danh sách những điều “không phải là tình yêu”. Ông phân tích những nhu cầu đi kèm tình yêu thương đã phá hủy tình yêu ra sao, điều này diễn ra kể từ khi con người mới chào đời cho đến khi trưởng thành. Những thói quen đòi hỏi, mong muốn sở hữu người khác, kỳ vọng vào người khác… đều tạo nên sự hủy diệt và xung đột trong mọi mối quan hệ tình cảm, bao gồm cả tình yêu. Theo ông, tình yêu không bao gồm cảm giác ghen tuông, chiếm hữu, cạnh tranh, phụ thuộc, hay việc đòi hỏi người mình yêu phải hoàn hảo. Những điều trên đều khởi nguồn từ cái tôi, và Osho cho rằng: “Khi bạn thật sự yêu ai đó, cái tôi của bạn bắt đầu tan chảy và biến mất”. Thông qua từng chương của cuốn sách, bạn đọc nhận diện những dấu hiệu của một tình yêu đích thực: Sự cho đi và không chờ đợi được nhận lại, sự trưởng thành cá nhân, đặc biệt là sự tỉnh thức khi yêu. “Việc tỉnh táo nhận biết về bản thể của mình là sự khởi đầu của hành trình hướng tới tình yêu”','https://cdn0.fahasa.com/media/catalog/product/cache/1/image/9df78eab33525d08d6e5fb8d27136e95/b/e/beinglove.jpg',18),(59,3,'Sức Mạnh Tiềm Thức (Tái Bản 2019)',120000,120,'Là một trong những quyển sách về nghệ thuật sống nhận được nhiều lời ngợi khen và bán chạy nhất mọi thời đại, Sức Mạnh Tiềm Thức đã giúp hàng triệu độc giả trên thế giới đạt được những mục tiêu quan trọng trong đời chỉ bằng một cách đơn giản là thay đổi tư duy. Sức Mạnh Tiềm Thức giới thiệu và giải thích các phương pháp tập trung tâm thức nhằm xoá bỏ những rào cản tiềm thức đã ngăn chúng ta đạt được những điều mình mong muốn. Sức Mạnh Tiềm Thức không những có khả năng truyền cảm hứng cho người đọc, mà nó còn rất thực tế vì được minh hoạ bằng những ví dụ sinh động trong cuộc sống hằng ngày. Từ đó, Sức Mạnh Tiềm Thức giúp độc giả vận dụng năng lực trí tuệ phi thường tiềm ẩn troing mỗi người để tạo dựng sự tự tin, xây dựng các mối quan hệ hoà hợp, đạt được thành công trong sự nghiệp, vượt qua những nỗi sợ hãi và ám ảnh, xua đi những thói quen tiêu cực, và thậm chí còn hướng dẫn cách ta chữa lành những vết thương về thể chất cũng như tâm hồn để có sự bình an, hạnh phúc trọn vẹn trong cuộc sống. Báo chí nói gì về cuốn sách này “Bí mật sức mạnh của mọi vấn đề nằm sâu trong tiềm thức mỗi người, chỉ cần chúng ta thấu hiểu điều đó thì hoàn toàn có thể làm chủ cuộc đời mình.” – Sức mạnh tiềm thức: Bạn chính là những gì bạn nghĩ (Tuổi Trẻ) “Hãy quyết tâm làm giàu với sự trợ giúp đắc lực của tiềm thức. Cách làm giàu khôn ngoan là dựa vào sức mạnh tiềm thức. Tham công tiếc việc và ra sức tích cóp của cải chỉ khiến bạn mất đi cơ hội tận hưởng cuộc sống mà thôi.” – Vận dụng sức mạnh tiềm thức để làm giàu (Dân Trí)','https://cdn0.fahasa.com/media/catalog/product/cache/1/image/9df78eab33525d08d6e5fb8d27136e95/u/n/untitled-3cccccccc.jpg',18),(60,3,'Cẩm Nang Tuổi Dậy Thì Dành Cho Bạn Gái',46000,46,'Bước vào tuổi dậy thì, các bạn gái sẽ dần cảm nhận được những biến đổi cả về tâm lí và sinh lí. Những biến đổi đó không chỉ khiến bạn gái cảm thấy bất ngờ thú vị mà còn làm các bạn thấy tò mò, xấu hổ, cùng với một chút bỡ ngỡ, lo lắng. Biết bao nhiêu điều các bạn muốn biết, cần biết nhưng lại ngại ngùng không dám hỏi cha mẹ, thầy cô. Những câu hỏi đó dần trở thành một dấu hỏi lớn mà mỗi bạn giấu kín trong lòng, chỉ dám nhỏ to tâm sự cùng bạn bè thân thiết nhất thôi.','https://cdn0.fahasa.com/media/catalog/product/cache/1/image/9df78eab33525d08d6e5fb8d27136e95/8/9/8936067597462.jpg',18),(61,3,'Người Gieo Hy Vọng',47000,47,'Erin Gruwell là một giáo viên. Sẽ chẳng có gì đặc biệt nếu như cô không cùng các học sinh (đã từng là “cá biệt”) của mình lập ra nhóm Những nhà văn Tự do (Freedom Writers) và cho ra đời cuốn Nhật ký của Những nhà văn Tự do (Freedom Writers Diary). Cuốn sách tập hợp 150 câu chuyện do chính các em viết. Tuy đâu đó trong sách có những lời tục tĩu, sự thực phũ phàng về tệ phân biệt chủng tộc và sự chia cắt làm tan vỡ những trái tim do nạn lạm dụng tình dục, nhưng một thông điệp xuyên suốt về niềm hi vọng của con người đã được vang lên. Cuốn sách trở thành một hiện tượng gây chấn động dư luận Mỹ với những tác động mạnh mẽ đối với nền giáo dục nước này. Sau thành công của cuốn sách, Erin Grwell và các Nhà văn Tự do của mình đã tập hợp 150 giáo viên và thành lập tổ chức Freedom Writers Foundation. Họ làm công việc thường ngày như một nhà giáo, nhưng học sinh của họ không ít những em bị coi là cá biệt – là nạn nhân của việc bị đối xử bất công hoặc thất vọng với mọi người xung quanh… Triết lý giáo dục của nhóm giáo viên này là phát huy giá trị cá nhân và thúc đẩy việc chấp nhận tính đa dạng, lòng nhân hậu, sự khoan dung và tinh thần giao tiếp giữa thầy trò. Trong quá trình đó, các giáo viên khiến cuộc sống của những học sinh thuộc nhóm tiêu cực','https://cdn0.fahasa.com/media/catalog/product/cache/1/image/9df78eab33525d08d6e5fb8d27136e95/8/9/8936037710068.jpg',18),(62,3,'Điều Vĩ Đại Đời Thường',28000,28,'Hành trình trở nên vĩ đại khởi đầu từ những điều thật giản dị và gần gũi, cũng giống như hành trình vạn dặm khởi đầu từ một bước chân giản đơn. 101 câu chuyện và ý tưởng của tác giả trong quyển sách này chính là 101 bài học minh chứng cho triết lý đơn sơ ấy. Không có cuộc sống nào là hoàn hảo, tất cả chúng ta phải đối mặt với nhiều thử thách, từ đơn giản đến nghiêm trọng… Nhưng chúng ta đều có quyền lựa chọn vượt lên mọi nghịch cảnh để vươn tới vị trí cao nhất và tốt nhất của cuộc sống.','https://cdn0.fahasa.com/media/catalog/product/cache/1/image/9df78eab33525d08d6e5fb8d27136e95/8/9/8934974146735.jpg',18),(63,3,'Cái Dũng Của Thánh Nhân',49000,49,'Chỗ mà người xưa gọi là hào kiệt ắt phải có khí tiết hơn người. Nhưng nhân tình có chỗ không nhịn được. Bởi vậy, kẻ thất phu gặp nhục, tuốt gươm đứng dậy, vươn mình xốc đánh. Cái đó chưa gọi là dũng. Kẻ đại dũng trong thiên hạ, trái lại, thình lình gặp những việc phi thường cũng không kinh, vô cố bị những điều ngang trái cũng không giận. Đó là nhờ chỗ hoài bão của họ rất lớn và chỗ lập chí của họ rất xa vậy.','https://cdn0.fahasa.com/media/catalog/product/cache/1/image/9df78eab33525d08d6e5fb8d27136e95/8/9/8934974146186.jpg',18),(64,3,'Quà Tặng Cuộc Sống - Lớn Lên Em Nhất Định ',33000,33,'Khi chúng ta mệt mỏi, hãy nhớ đến lời răn dạy của các bậc trí giả. Khi chúng ta rơi vào đường cùng bế tắc, hãy lắng nghe tiếng lòng của người thông minh. Chắc chắn rằng trên con đường đi tới thành công của chúng ta không chỉ có cầu vồng lấp lánh mà có cả gió bão cản lối, nhưng có trí tuệ giúp sức, cuối cùng bạn sẽ vượt qua gió mưa và đến được với ánh sáng mặt trời ấm áp. Chúng tôi đã chọn lựa và biên soạn lại những câu chuyện nhỏ của cuộc sống hằng ngày chứa đựng những thông điệp nhân văn sâu sắc và lớn lao về tình cảm con người, đầy tính trí tuệ, hàm súc và giàu triết lí có tác dụng khích lệ ý chí… thành bộ sách “Quà tặng cuộc sống”, bao gồm sáu tập:','https://cdn0.fahasa.com/media/catalog/product/cache/1/image/9df78eab33525d08d6e5fb8d27136e95/i/m/image_195509_1_22785.jpg',18),(65,3,'Thử Tài Khám Phá - Phù Thủy Hắc Ám',34000,34,'Thử Tài Khám Phá - Phù Thủy Hắc Ám Chuyện kể rằng, ngày xửa ngày xưa có một mụ phù thủy nhờ tìm được cuốn sách thần có tên là “Phép thuật hắc ám” mà tha hồ tung hoành, biến cả thế giới thành màu đen. Lời nguyền tai hại này sẽ hết linh nghiệm nếu ba thế lực uy quyền từ ba miền khác nhau đồng thời xuất hiện. Nhưng ba thế lực đó là gì, và khi nào thì xuất hiện? Mời các em cùng đón đọc câu chuyện cổ tích ngộ nghĩnh Phù thủy hắc ám này để biết được điều thú vị trên nhé. Đây là cuốn sách có tính giáo dục cao dành cho trẻ từ 3 đến 8 tuổi nhằm phát triển khả năng ngôn ngữ của trẻ, thắt chặt tình cảm gắn bó gần gũi trong gia đình, giúp cho trẻ vừa chơi vừa học một cách tự nhiên. Bên cạnh cốt truyện vui nhộn với những minh họa sống động, đầy ắp sắc màu là trò chơi hết sức thú vị được lồng ghép vào câu chuyện “hình và bóng”. Rủ bé chơi tạo bóng là hoạt động mà bố mẹ có thể rủ bé cùng chơi bằng cách dùng cơ thể và đôi tay để tạo thành bóng các con vật một cách đa dạng như: Thỏ tai dài, chó, nhện chăng tơ, bò, ngan, gà… Qua đó trẻ phát triển trí tưởng tượng và tư duy sáng tạo, đồng thời phản ánh cách nghĩ, cách hiểu của trẻ về thế giới quanh mình cũng như cách trẻ thể hiện và biểu đạt lại những điều mà chúng tiếp xúc và học hỏi từ môi trường xung quanh.','https://cdn0.fahasa.com/media/catalog/product/cache/1/image/9df78eab33525d08d6e5fb8d27136e95/i/m/image_59602.jpg',18),(66,4,'Ma Nữ (Lại) Tới Rồi',50000,50,'Ma nữ lại tới rồi! Câu chuyện bi hài của cô nàng ma nữ lắm chiêu lại tiếp tục nơi trần thế! Cứ ngỡ mọi chuyện xong xuôi, ma nữ có thể thanh thản bước lên “chuyến tàu chuyển kiếp”, ấy vậy mà vì một sự cố kĩ thuật “giời ơi đất hỡi” mà cô nàng lại rơi ngược trở lại trần gian, sống dậy dưới thân xác người phàm. Từ hồn ma vất vưởng lại được thành “zombie”, là may mắn hay xui xẻo với ma nữ đây? Tạo hóa trớ trêu để ma nữ nhập vào thân xác một cô gái mới qua đời. Nhưng “vạ từ miệng mà ra”, ma nữ lỡ hứa với bà chủ nhà trọ của thân xác mình đang vay mượn là sẽ trả đủ số tiền nhà mà cô gái đã chết kia còn nợ. Và theo luật linh giới, trừ phi hoàn thành lời hứa, bằng không sẽ không thể siêu thoát. Hi vọng vụt lóe lên với ma nữ khi cô nàng biết được rằng chủ nhân thân xác này lại là nhân viên trong công ty chàng giám đốc trẻ Đoàn Anh Đức – người cô đã đeo bám phá bĩnh trước đó và cũng là người giúp cô hoàn thành tâm nguyện cuối cùng. Giàu như anh ta chắc chắn sẽ giúp được cô! Khoan đã, ở đời nào gì có chuyện dễ ăn thế. Giám đốc hiện tại của công ty – người mà ma nữ cứ đinh ninh là Đoàn Anh Đức kia, hóa ra lại là Đoàn Trung Đức – em trai sinh đôi của Đức “anh”. Hi vọng của ma nữ cũng từ đó mà tan thành mây khói. Cô nàng phải nai lưng làm việc đêm ngày cho kịp chuyến tàu chuyển kiếp cuối cùng nếu không muốn mãi mãi làm oan hồn vất vưởng nơi trần thế. Cuối cùng ma nữ sẽ phải làm sao để giải quyết mớ rắc rối này đây? Kịch tính mà không kém phần lãng mạn, hài hước mà vẫn trầm lắng, các bạn sẽ tìm thấy đáp án trong “Ma nữ (lại) tới rồi” của Chi Còi Comic!','https://cdn0.fahasa.com/media/catalog/product/cache/1/image/9df78eab33525d08d6e5fb8d27136e95/9/7/9786045524893.jpg',18),(67,4,'Dị Chủng 2 - Tàn Thế',100000,100,'Dị Chủng 2 - Tàn Thế - Đang cập nhật','https://cdn0.fahasa.com/media/catalog/product/cache/1/image/9df78eab33525d08d6e5fb8d27136e95/t/a/tan_the-02.jpg',18),(68,4,'Dị Chủng 3 - Đêm Vĩnh Hằng',123000,123,'Thế giới đã thay đổi sau đại dịch ma cà rồng. Trong thời khắc đen tối nhất của lịch sử nhân loại, một nhóm những kẻ sống sót âm thầm tìm kiếm cho mình một tia sáng, một lối thoát, một giải pháp cho hành tinh thất thế này. Tuy nhiên, chẳng ai ngờ đến chuyện có một kẻ phản bội đang hiện diện trước mắt họ, nhăm nhe đe dọa tính mạng và công sức suốt hai năm trời của cả nhóm. Trái Đất sắp bước đến một kỷ nguyên mới, họ phải làm gì để biến nó thành đại cuộc thắng lợi của loài người, thay vì triều đại ma cà rồng với bóng tối vĩnh hằng? Được xuất bản lần đầu năm 2009 và chuyển thể thành series phim truyền hình ăn khách năm 2014, bộ ba tiểu thuyết Dị Chủng không những đã trả lại cho những sinh vật bóng đêm chất kinh dị, vốn bị biến tấu và lãng mạn hóa quá mức những năm gần đây, mà còn giúp khôi phục lại một tượng đài của loài ác quỷ khát máu nhất trong những cơn ác mộng của con người. “Một câu chuyện kinh dị hấp dẫn sẽ khiến bạn dựng tóc gáy. Dị Chủng là sự kết hợp giữa Bram Stoker với Stephen King và Michael Crichton. Khó có thể xuất sắc hơn được nữa.” - NELSON DEMILLE','https://cdn0.fahasa.com/media/catalog/product/cache/1/image/9df78eab33525d08d6e5fb8d27136e95/i/m/image_195509_1_6070.jpg',18),(69,4,'Giếng Thở Than - Truyện Ma',70000,70,'Ba mươi truyện ma kinh điển kể về một thế giới ma mị ám ảnh của M.R.James, cha đẻ của thể loại truyện ma hiện đại.Mục đích của một truyện ma hay là để cho máu ta lạnh lùng cùng một cách thích thú, và đó là điều mà M.R.James đã đạt được hoàn toàn trong câu chuyện tuyệt vời của ông. Khung cảnh gây ám ảnh nhất mà ông thích chính là những ngôi nhà, khu vườn thôn dã nước Anh, mạn bắc của nghĩa địa nhà thờ, mê cung cây thủy tùng trong “Ông Humphreys và địa sản thừa kế” và chuyến hành trình khó quên trên tàu trong “Quăng những chữ Runes”. Trong mỗi truyện, ông đều có một nhãn quan chú ý đến từng chi tiết, xoắn bện đầy những tưởng tượng, và một giọng trần thuật tao nhã, làm ta yên lòng. Nếu bạn thích một câu chuyện sực nức mùi vị một nước Anh của những cỗ xe ngựa và những đường ray tàu hỏa. Nếu nhà thờ cổ xưa và tư dinh cũ kỹ làm bạn thích thú, nếu những ma mị hắc ám với tay dài lông lá cùng móng vuốt làm bạn lo sợ, nếu bạn tin vào sự kinh dị luôn luôn có ở đó, hoặc bạn chẳng tin hãy mua cuốn sách này. Mời bạn đón đọc.','https://www.vinabook.com/images/thumbnails/product/240x/28536_35039.jpg',18),(70,4,'Những Truyện Ma Kinh Hoàng',35000,35,'Quyển sách nằm trong bộ 4 cuốn những câu chuyện đáng sợ, là tập hợp những truyện ma kinh hoàng nhất từng khiến nhiều người run sợ mà đến nay vẫn chưa ai có thể lí giải được. Những câu chuyện này nổi tiếng qua các thời đại, ám ảnh tâm trí nhiều người và trở thành một nguồn cảm hứng cho các nhà làm phim, các tác giả văn học với những tác phẩm vô cùng hấp dẫn như Ngôi nhà ma Amytiville, Phù thủy ám nhà Bell... Mời bạn đón đọc.','https://www.vinabook.com/images/thumbnails/product/240x/237062_p72250mbiatruoc.jpg',18),(71,4,'Mặt Trời Lúc Nửa Đêm - Midnight Sun',125000,125,'Mặt Trời Lúc Nửa Đêm - Midnight Sun Khi Edward Cullen và Bella Swan gặp nhau trong Chạng vạng, một chuyện tình yêu mang tính biểu tượng đã ra đời. Nhưng cho đến bây giờ, người hâm mộ chỉ nghe thấy câu chuyện từ góc nhìn của Bella. Cuối cùng, độc giả đã có thể trải nghiệm phiên bản của Edward trong cuốn tiểu thuyết đồng hành đã được chờ đợi từ lâu, Mặt trời lúc nửa đêm. Câu chuyện đen tối này được kể qua đôi mắt của Edward với nhiều mới mẻ và những bước ngoặt quyết định. Gặp gỡ Bella vừa là sự kiện hấp dẫn nhất, cũng là điều đáng sợ nhất mà anh đã trải qua trong suốt những năm tháng làm ma cà rồng. Khi tìm hiểu thêm các chi tiết lạ lùng trong quá khứ Edward cũng như nội tâm phức tạp của anh, chúng ta sẽ hiểu tại sao đây là cuộc chiến quyết định trong đời Edward. Anh sẽ biện minh cho trái tim mình thế nào nếu yêu Bella cũng đồng nghĩa với việc dẫn cô đến với nguy hiểm? Trong Mặt trời lúc nửa đêm, Stephenie Meyer đưa chúng ta trở lại một thế giới đã thu hút hàng triệu độc giả, và mang đến một tiểu thuyết gay cấn về niềm vui và hậu quả tàn khốc của tình yêu bất tử. Mã hàng	8934974169673 Tên Nhà Cung Cấp	NXB Trẻ Tác giả	Stephanie Meyer Người Dịch	Hồng Quyên NXB	NXB Trẻ Năm XB	2020 Ngôn Ngữ	Tiếng Việt Trọng lượng (gr)	950 Kích Thước Bao Bì	20 x 13 cm Số trang	940 Hình thức	Bìa Mềm Sản phẩm bán chạy nhất	Top 100 sản phẩm Huyền Bí - Giả Tưởng - Kinh Dị bán chạy của tháng Mặt Trời Lúc Nửa Đêm - Midnight Sun Khi Edward Cullen và Bella Swan gặp nhau trong Chạng vạng, một chuyện tình yêu mang tính biểu tượng đã ra đời. Nhưng cho đến bây giờ, người hâm mộ chỉ nghe thấy câu chuyện từ góc nhìn của Bella. Cuối cùng, độc giả đã có thể trải nghiệm phiên bản của Edward trong cuốn tiểu thuyết đồng hành đã được chờ đợi từ lâu, Mặt trời lúc nửa đêm. Câu chuyện đen tối này được kể qua đôi mắt của Edward với nhiều mới mẻ và những bước ngoặt quyết định. Gặp gỡ Bella vừa là sự kiện hấp dẫn nhất, cũng là điều đáng sợ nhất mà anh đã trải qua trong suốt những năm tháng làm ma cà rồng. Khi tìm hiểu thêm các chi tiết lạ lùng trong quá khứ Edward cũng như nội tâm phức tạp của anh, chúng ta sẽ hiểu tại sao đây là cuộc chiến quyết định trong đời Edward. Anh sẽ biện minh cho trái tim mình thế nào nếu yêu Bella cũng đồng nghĩa với việc dẫn cô đến với nguy hiểm? Trong Mặt trời lúc nửa đêm, Stephenie Meyer đưa chúng ta trở lại một thế giới đã thu hút hàng triệu độc giả, và mang đến một tiểu thuyết gay cấn về niềm vui và hậu quả tàn khốc của tình yêu bất tử.','https://cdn0.fahasa.com/media/catalog/product/cache/1/small_image/600x600/9df78eab33525d08d6e5fb8d27136e95/n/x/nxb-tre---mat-troi-luc-nua-dem---bia-1.jpg',18),(72,4,'Goth - Những Kẻ Hắc Ám (Tái Bản 2019)',91800,91,'Goth - Những Kẻ Hắc Ám (Tái Bản 2019) Một cuốn sổ ghi chép quá trình giết người.Chiếc tủ lạnh chứa đầy bàn tay. Lũ chó bị bắt cóc.Vụ treo cổ kỳ quái.Đứa trẻ bị chôn sống. Cuốn băng thu âm giọng nói của người chết… Hai học sinh cấp ba cùng nhau điều tra những vụ án kỳ lạ ở địa phương. Nhưng thay vì cố gắng ngăn chặn tội ác, nỗi ám ảnh với cái chết và sự giết chóc đã dẫn dắt chúng tiến vào bóng tối điên cuồng, nơi những cơn ác mộng trở thành sự thực. Không chỉ là một cuốn tiểu thuyết kinh dị rùng rợn, GOTH còn ẩn chứa nỗi buồn và những chiêm nghiệm về cuộc sống, về bản chất con người và sự giác ngộ. Tác phẩm đã mang về cho Otsuichi giải thưởng Honkaku Mystery, được chuyển thể thành manga và phim điện ảnh.','https://cdn0.fahasa.com/media/catalog/product/cache/1/small_image/600x600/9df78eab33525d08d6e5fb8d27136e95/1/_/1_87_1.jpg',18),(73,4,'Coraline (Tái Bản 2018)',48000,48,'Khi Coraline bước qua cánh cửa, nó nhìn thấy một ngôi nhà giống hệt nhà mình. Chỉ có điều, mọi thứ dường như tốt đẹp và hấp dẫn hơn. Nơi ấy có mẹ khác của nó, và cả cha khác nữa. Họ muốn nó ở lại làm con gái bé bỏng của họ. Họ muốn thay đổi nó và giữ nó bên mình mãi mãi. Nhưng từ phía sau cánh cửa, Coraline mới biết điều nó thật sự cần. Nó khao khát trở lại cuộc sống đích thực của mình. Bằng tất cả trí khôn và lòng dũng cảm, Coraline đã thực hiện một hành trình phi thường, ly kỳ và vô cùng bất ngờ.','https://cdn0.fahasa.com/media/catalog/product/cache/1/small_image/600x600/9df78eab33525d08d6e5fb8d27136e95/i/m/image_174703.jpg',18),(74,4,'9 Câu Chuyện Cửu Giới - Ngoại Truyện Series Magnus Chase Và Các Vị Thần Asgard',36000,36,'Series Magnus Chase và các vị thần Asgard đã kết thúc, nhưng các nhân vật đáng yêu trong Cửu Giới của chúng ta vẫn còn rất nhiều điều để kể. Dưới ngòi bút độc đáo của Rick Riordan, hãy một lần nữa đồng hành cùng Hearthstone,Blitzen, Samirah, Alex, Jack, T.J, Mallory, Halfborn vào một chuyến phiêu lưu kì thú khó quên qua thế giới thần thoại Bắc Âu. Trong lúc Magnus đi thăm người chị họ Annabeth, những người bạn của cậu đã bị kéo vào một loạt những tình huống nhầy nhụa, lông lá và bốc mùi, buộc họ phải vận dụng hết trí lực để chống lại bọn khổng lồ não phẳng, đám sinh vật dã man và cả những vị thần lắm chuyện. Liệu những người bạn của Magnus có trì hoãn được ngày Ragnarok, chí ít là đến khi cậu trở về không?','https://cdn0.fahasa.com/media/catalog/product/cache/1/small_image/600x600/9df78eab33525d08d6e5fb8d27136e95/i/m/image_195509_1_23539.jpg',18),(75,4,'Mùa Hè, Pháo Hoa Và Xác Chết Của Tôi',44000,44,'Mùa Hè, Pháo Hoa Và Xác Chết Của Tôi Hôm ấy nắng hè rực rỡ, ve kêu ra rả, thôm xóm yên bình. “Tôi” chết. Cặp anh em non nớt ấy buộc phải bước vào cuộc phiêu lưu kinh hoàng kéo dài bốn ngày, nhằm che giấu một bí mật… Mùa hè, pháo hoa và xác chết của tôi là truyện ngắn đầu tay của cây bút sớm nở rộ Otsuichi, thiên tài đã khiến giới tiểu thuyết kinh dị sửng sốt với cách kể chuyện đầy mới lạ: theo góc nhìn của một xác chết.','https://cdn0.fahasa.com/media/catalog/product/cache/1/small_image/600x600/9df78eab33525d08d6e5fb8d27136e95/m/u/mua-he-phao-hoa-xac-chet---bia1.jpg',18),(76,5,'Cách Mạng Công Nghệ 4.0',50000,50,'Cách Mạng Công Nghệ 4.0 (Chuyên Đề 2 - Tháng 4/2018) Cuốn tạp chí kinh tế Cách Mạng Công Nghệ 4.0 đồng hành cùng độc giả để đưa đến cho các bạn những kiến thức cũng như trải nghiệm mới nhất về công nghệ, cùng hướng tới những mục tiêu: - Nỗ lực trở thành ấn phẩm công nghệ có uy tín và vị thế hàng đầu tại Việt Nam - Xây dựng một cộng đồng đam mê công nghệ và đầu tư thông minh - Góp phần nâng cao hiểu biết của cộng đồng và nâng cao vị thế của người Việt trong công nghệ Blockchain nói riêng và công nghệ 4.0 nói chung trên trường quốc tế. Mời bạn đón đọc.','https://www.vinabook.com/images/thumbnails/product/240x/332492_p86867mscan0001.jpg',18),(77,5,'Cuộc Cách Mạng Blockchain',255000,255,'Công nghệ có thể tác động lớn đến tương lai của nền kinh tế thế giới đã xuất hiện, đó không phải là ô tô tự lái, là năng lượng mặt trời hay trí thông minh nhân tạo. Đó chính là Blockchain. Thế hệ thứ nhất của cuộc cách mạng số hóa đã đưa chúng ta đến với kỷ nguyên Internet của thông tin. Thế hệ thứ hai – được tiếp sức bởi công nghệ blockchain – đang đưa chúng ta đến với Internet của giá trị: một nền tảng phi tập trung mới mẻ, thứ có thể giúp chúng ta tái định hình ngành kinh doanh và thay đổi cách thức hoạt động của con người theo hướng tốt hơn. Cuộc cách mạng Blockchain là cuốn sách lý giải tiềm năng kiến tạo tương lai nhân loại của công nghệ blockchain. Cuốn sách là công trình được nghiên cứu kỹ lưỡng với lối trình bày gần gũi dễ hiểu, phù hợp với cả những người chuyên và không chuyên về công nghệ. Mời bạn đón đọc.','https://www.vinabook.com/images/thumbnails/product/240x/302849_p82462mbatrc.jpg',18),(78,5,'Kỷ Nguyên Tiền Điện Tử',178000,178,'Từ một ảo ảnh biến thành hiện thực, từ một ý niệm trở thành hành động; và trong chưa đầy một thập kỷ, Bitcoin cùng nhiều loại tiền kỹ thuật số đã khuấy đảo cả hành tinh. Mới hôm trước, mọi thứ vẫn còn bình lặng. Nhưng chỉ sau một đêm, Bitcoin khiến toàn bộ thế giới xung quanh bạn rung chuyển. Từ “Bitcoin” xuất hiện trên mọi tít báo bạn lướt qua, và làm bùng nổ những cuộc tranh luận vô tận. Người ta có rất nhiều cách gọi tên Bitcoin. Nó là tiền điện tử, tiền ảo, hay tiền mật mã (cryptocurrency). Bạn có thể sử dụng nó để mua bất cứ thứ gì, từ cà phê đến ô tô. Nhưng kể cả khi thế giới đang đổ xô vào cuộc đầu tư qui mô toàn cầu này, vẫn thật khó để trả lời: Bitcoin thực sự là gì, và tại sao mọi người lại cần quan tâm đến Bitcoin, cũng như công nghệ đằng sau nó - công nghệ Blockchain? Paul Vigna và Michael J. Casey - bộ đôi phóng viên kinh tế dạn dày kinh nghiệm của The Wall Street - đã thực hiện cuốn sách “Kỷ nguyên tiền điện tử” để giúp độc giả có những hiểu biết cụ thể về làn sóng tiền điện tử đang dâng lên mạnh mẽ hơn bao giờ hết. Nguồn gốc, sự phát triển, chức năng, tiềm năng... - tất cả những gì bạn cần biết về tiền ảo, cũng như việc nó đang thách thức trật tự kinh tế toàn cầu ra sao - sẽ được phân tích trong cuốn sách này. Tác phẩm cung cấp bức tranh toàn cảnh về các hình thái tiền tệ, từ đó giải thích cho bạn hiểu lý do các chuyên gia mã hóa lại nảy ra ý tưởng về Blockchain và Bitcoin, và vì sao lại có nhiều người ủng hộ hệ thống tiền tệ mới này đến thế. “Kỷ nguyên tiền điện tử” đưa chúng ta đến những nơi Bitcoin và Blockchain đang hiện hữu, từ những quốc gia nghèo khó châu Phi tới lãnh địa công nghệ châu Mỹ, từ những nền kinh tế mới nổi ở châu Á tới xứ sở ngân hàng châu Âu - để thấu hiểu thực trạng nền kinh tế thế giới trước sự nổi lên của tiền điện tử, và trả lời câu hỏi hóc búa: Liệu Bitcoin và công nghệ của nó, Blockchain, có thực sự thay đổi cả thế giới như cách Internet đã làm, theo lời tiên đoán của nhiều người hay không? Hãy chuẩn bị tinh thần để cùng Vigna và Casey bước vào kỷ nguyên tiền điện tử! Mời bạn đón đọc.','https://www.vinabook.com/images/thumbnails/product/240x/298803_p81306mkynguyen.jpg',18),(79,5,'Những Gã Khổng Lồ Công Nghệ Trung Quốc - Tech Titans Of China',163000,163,'Nói về hình mẫu công nghệ của nhóm BAT tại Trung Quốc: “Ngày nay, Alibaba nổi bật lên như một trong ba ông vua công nghệ của Trung Quốc, cùng các tên tuổi lớn là Baidu và Tencent, họ được biết tới với cái tên BAT. Cũng giống như nhóm FANG, viết tắt của Facebook, Amazon, Netﬂix và Google tại Mỹ, tại Trung Quốc, Baidu thống trị thị trường tìm kiếm, Alibaba dẫn đầu trong mảng thương mại điện tử còn Tencent thống trị mảng trò chơi và kết nối xã hội – và điều quan trọng là tất cả các công ty trên đều có chỗ đứng vững chắc trong giới công nghệ sử dụng AI. Tành công của các công ty trên đều đến từ nỗ lực làm việc, tham vọng, tài năng, vốn và một lợi thế về nhóm làm việc tại nhà trong một thị trường doanh nghiệp còn rất mới của Trung Quốc. Trong một thị trường Trung Quốc đầy sự cạnh tranh khốc liệt, những nhà đổi mới sáng tạo kỹ thuật số này đang cố gắng tìm ra con đường để có thể sở hữu những công nghệ của tương lai, họ thực sự đang tạo ra những tính năng cùng mô hình kinh doanh mới thu hút sự chú ý từ phương Tây. Rào cản tiếp theo họ cần vượt qua đó là trở nên vượt trội hơn nữa để vươn ra toàn cầu.” Nói về độ phủ sóng của WeChat tại Trung Quốc: “Với siêu ứng dụng WeChat của Trung Quốc, bạn có thể nhắn tin và trò chuyện theo nhóm hoặc một đối một; thực hiện thao tác chuyển tiền, thanh toán hóa đơn và thực hiện vay nợ chỉ trong vài giây; mua vé xem phim; tìm kiếm bạn bè gần đó; đặt hàng tạp hóa; mua sắm mặt hàng thời trang; và đăng tải các đoạn video, tin tức, biểu tượng cảm xúc, hình ảnh. Bạn chẳng cần đến danh thiếp, chỉ cần trao đổi một mã QR trên chiếc điện thoại thông minh của mình, và bùm, bạn được kết nối. WeChat là một siêu ứng dụng có tính đổi mới đột phá – nó kết hợp các tính năng của Facebook, Twitter, Skype, Whatsapp, Instagram và Amazon. WeChat có trên 1 tỷ người dùng trên toàn thế giới, và rất khó để phân định rạch ròi đây là ứng dụng làm việc hay giải trí. Một nhà đầu tư mạo hiểm đến từ San Francisco đã hoàn thành danh mục điều khoản cho một thỏa thuận đầu tư tại Bắc Kinh hoàn toàn bằng WeChat. Những người hâm mộ vây quanh một nhà đầu tư mạo hiểm của vịnh San Francisco đang phát biểu tại hội thảo ở Thâm Quyến ngay lập tức được kết nối với ông chỉ bằng việc quét mã QR trên WeChat từ điện thoại. Thậm chí những người ăn xin tại các thành phố lớn của Trung Quốc cũng cầm theo điện thoại thông minh với mã QR để nhận tiền từ người hảo tâm. Tiền mặt và email đã trở thành quá khứ tại Trung Quốc.” Nói về sự chuyển mình của Xiaomi: “Là một giám đốc quan tâm tới tiểu tiết như thần tượng Steve Jobs, cũng là người lao động không biết mệt mỏi với 100 giờ làm việc mỗi tuần, Lei đã lèo lái con thuyền công ty trở lại ngoạn mục trong năm 2017. Chiến lược lật ngược thế cờ của ông là: Xiaomi đã đầu tư rất nhiều trong việc mở rộng các cửa hàng bán lẻ Mi Home đến hơn 331 địa điểm tại 51 thành phố của Trung Quốc trong vòng 5 quý, bổ sung mảng bán lẻ tại thị trường Ấn Độ để tích hợp với các kênh bán hàng trực tuyến duy nhất trước đó và mở rộng mạng lưới phân phối cho các bên thứ ba. Ông cũng củng cố cơ sở người hâm mộ Mi trực tuyến với các diễn đàn cộng đồng. Cú đảo chiều đã được hoàn tất với sự ra mắt của dòng điện thoại phổ biến Mi Mix chất lượng cao, bọc gốm, màn hình tràn viền và khung siêu mỏng. Lei tuyên bố chưa có nhà sản xuất điện thoại thông minh nào có thể phục hồi thành công sau khi sụt giảm doanh số. Ông và đội ngũ đã dành thời gian – “007”, viết tắt cho việc dành tất cả thời gian trong tuần – để biến điều đó thành hiện thực.” Nói về sự dẫn đầu của nhóm công nghệ BAT: “Những người tiên phong trong sự bùng nổ công nghệ của Trung Quốc là các gã khổng lồ Baidu, Alibaba và Tencent, còn được gọi là nhóm BAT. Họ sở hữu những công cụ tìm kiếm, thương mại điện tử, truyền thông xã hội và trò chơi của Trung Quốc và vẫn đang đổi mới sáng tạo ở khắp mọi ngóc ngách của nền kinh tế công nghệ. Theo sát họ là một nhóm công ty sáng tạo khác của Trung Quốc – nhà tập hợp tin tức dựa trên AI Toutiao và ứng dụng video TikTok, siêu ứng dụng cung cấp dịch vụ Meituan Dianping, đơn vị đi đầu trong lĩnh vực gọi xe Didi, nhà sản xuất điện thoại thông minh Xiaomi, cùng rất nhiều công ty khác vẫn đang lên trong lĩnh vực AI, xe chạy bằng điện, thiết bị bay không người lái và nhiều hơn thế nữa. Các gã khổng lồ công nghệ Trung Quốc muốn có quyền lực. Họ đang mở rộng quy mô của chính mình thông qua việc sáp nhập cũng như mua lại rất nhiều dạng kinh doanh và củng cố chúng dưới một mái nhà chung. Gần đây, Meituan đã mua lại công ty khởi nghiệp chia sẻ xe đạp của Trung Quốc là Mobike với tổng chi phí 2,7 tỷ đô-la để tạo ra nhiều lựa chọn về vận chuyển hơn cho khách hàng sử dụng dịch vụ của công ty.” Nói về sự đột phá của Bytedance trong cung cấp nội dung số : “ByteDance là công ty đại diện cho sự đột phá đối với các dịch vụ Internet của Trung Quốc và sự hiện diện ngày càng tăng của hãng bên ngoài Trung Quốc. Ứng dụng tin tức mới của hãng, Toutiao, có 120 triệu độc giả hằng ngày. Ở Trung Quốc, nơi Facebook bị chặn, người dùng dành hơn 1 giờ mỗi ngày cho ứng dụng, nhiều hơn người dùng trung bình của Facebook hoặc WeChat và Weibo của Tencent. Ngoài ra, ứng dụng còn có phiên bản tiếng Anh mang tên TopBuzz, với 36 triệu người dùng hằng tháng. Nền tảng video ngắn của Bytedance là TikTok đã vượt qua mốc 500 triệu người dùng thường xuyên hằng tháng trên toàn cầu.10 Và TikTok được xếp hạng là một trong những ứng dụng iPhone được tải xuống nhiều nhất trên thế giới, trong danh sách 20 công ty hàng đầu cùng với YouTube, Instagram, Snapchat và Messenger. TikTok đã có đà tăng trưởng lớn trên trường quốc tế khi được công ty mẹ của nó mua lại và sáp nhập với Musical.ly, một ứng dụng video mạng xã hội của Trung Quốc với lượng lớn người dùng theo dõi bên ngoài đất nước.” Đặc điểm nổi bật: - Cuốn sách mở ra một góc nhìn hoàn toàn mới mẻ về sự vươn lên của nền công nghệ Trung Quốc, từ khi còn là một kẻ bị coi là chuyên ăn cắp ý tưởng cho đến khi trở thành người khởi xướng ý tưởng của thế giới. Tác giả cũng chỉ ra diện mạo của nền công nghệ Trung Quốc trong 10 năm trở lại đây. - Qua những câu chuyện về sự hình thành, đổi mới và phát triển của các ông lớn công nghệ Trung Quốc như nhóm BAT, Meituan, Xiaomi,... tác giả cho độc giả thấy tư duy chiến lược của các công ty này nhằm vươn lên vị trí dẫn đầu về công nghệ trên thế giới. - Cuốn sách cũng đưa ra cái nhìn chung về cuộc chiến công nghệ Mỹ-Trung và lý do vì sao các công ty của Mỹ không thể thâm nhập thị trường Trung Quốc, cũng như vì sao các công ty Trung Quốc chưa thể vươn ra toàn cầu. - Thông qua những câu chuyện kể về các doanh nhân khởi nghiệp Trung Quốc, tác giả cho thấy sự chăm chỉ, nhiệt huyết và ý chí vươn lên chính là lý do lớn nhất cho sự phát triển và lớn mạnh không ngừng của nền công nghệ Trung Quốc. - Tác giả phân tích và chỉ ra chiến lược đầu tư của Trung Quốc vào các thị trường mới nổi như Ấn Độ, Đông Nam Á nhằm giành miếng bánh thị phần lớn trong mảng công nghệ, đây vừa là lợi thế cho Việt Nam cũng vừa là thách thức không nhỏ đối với một quốc gia đang bắt đầu con đường phát triển và đổi mới công nghệ. Về tác giả: REBECCA A. FANNIN là chuyên gia hàng đầu về đổi mới toàn cầu kiêm tác giả, diễn giả và doanh nhân truyền thông được quốc tế công nhận. Cô bắt đầu đầu tư mạo hiểm từ Thung lũng Silicon trong thời kỳ bùng nổ dotcom đỉnh cao. Sau khi kiếm được tiền từ VC, cô trở thành một trong những nhà báo Mỹ đầu tiên viết về sự bùng nổ kinh doanh của Trung Quốc, đưa tin từ Bắc Kinh, Thượng Hải và Hồng Kông. Năm 2010, cô thành lập nền tảng truyền thông và sự kiện Silicon Dragon Ventures, nơi xuất bản bản tin điện tử hàng tuần, sản xuất video và podcast, cũng như các chương trình và tổ chức sự kiện tại nhiều trung tâm đổi mới trên toàn cầu. Mã hàng	8935251416114 Tên Nhà Cung Cấp	Alpha Books Tác giả	Rebecca A Fannin Người Dịch	Nhóm dịch Helios NXB	NXB Thế Giới Năm XB	2021 Trọng lượng (gr)	300 Kích Thước Bao Bì	24 x 16 cm Số trang	296 Hình thức	Bìa Mềm Sản phẩm bán chạy nhất	Top 100 sản phẩm Phân Tích Kinh Tế bán chạy của tháng Cuốn sách đưa ra bức tranh toàn cảnh về diện mạo của nền công nghệ Trung Quốc hiện nay, từ khi còn là một kẻ chuyên đi sao chép trở thành người khởi xướng xu hướng công nghệ của thế giới. Hành trình vươn lên mạnh mẽ của nền công nghệ Trung Quốc sẽ cho độc giả cái nhìn hoàn toàn khác về quốc gia này, đồng thời vẽ nên cục diện công nghệ của thế giới hiện nay. Trích đoạn: Nói về hình mẫu công nghệ của nhóm BAT tại Trung Quốc: “Ngày nay, Alibaba nổi bật lên như một trong ba ông vua công nghệ của Trung Quốc, cùng các tên tuổi lớn là Baidu và Tencent, họ được biết tới với cái tên BAT. Cũng giống như nhóm FANG, viết tắt của Facebook, Amazon, Netﬂix và Google tại Mỹ, tại Trung Quốc, Baidu thống trị thị trường tìm kiếm, Alibaba dẫn đầu trong mảng thương mại điện tử còn Tencent thống trị mảng trò chơi và kết nối xã hội – và điều quan trọng là tất cả các công ty trên đều có chỗ đứng vững chắc trong giới công nghệ sử dụng AI. Tành công của các công ty trên đều đến từ nỗ lực làm việc, tham vọng, tài năng, vốn và một lợi thế về nhóm làm việc tại nhà trong một thị trường doanh nghiệp còn rất mới của Trung Quốc. Trong một thị trường Trung Quốc đầy sự cạnh tranh khốc liệt, những nhà đổi mới sáng tạo kỹ thuật số này đang cố gắng tìm ra con đường để có thể sở hữu những công nghệ của tương lai, họ thực sự đang tạo ra những tính năng cùng mô hình kinh doanh mới thu hút sự chú ý từ phương Tây. Rào cản tiếp theo họ cần vượt qua đó là trở nên vượt trội hơn nữa để vươn ra toàn cầu.”','https://cdn0.fahasa.com/media/catalog/product/cache/1/small_image/600x600/9df78eab33525d08d6e5fb8d27136e95/i/m/image_219806.jpg',18),(80,5,'Mặt Trái Của Công Nghệ',136000,136,'Kỹ thuật, công nghệ đóng vai trò quan trọng, tạo nên những bước phát triển đột phá của xã hội loài người, từ hàng nghìn năm trước đây cũng như trong bối cảnh Cách mạng công nghiệp lần thứ tư hiện nay. Những phát minh của con người từ viên đá lửa cho đến các công cụ bằng kim loại, động cơ hơi nước, năng lượng điện, bóng bán dẫn cho đến máy tính điện tử, mạng Internet, trí tuệ nhân tạo,... là nền móng, trụ cột cho sự phát triển của tất cả các ngành và lĩnh vực. Nhờ có tiến bộ khoa học - công nghệ mà năng suất lao động tăng nhanh, người dân ở nhiều quốc gia trở nên giàu có, sung túc, khỏe mạnh và sống lâu hơn. Tuy nhiên, các phát minh, sáng chế có thể có những tác động phụ, tiêu cực đến đời sống con người cũng như môi trường sinh thái tự nhiên. Để giúp bạn đọc có thêm tài liệu tham khảo về những vấn đề trên, Nhà xuất bản Chính trị quốc gia Sự thật và Thái Hà Books tổ chức biên dịch và xuất bản cuốn sách Mặt trái của công nghệ của tác giả Peter Townsend do Nhà xuất bản Oxford ấn hành năm 2016.','https://cdn0.fahasa.com/media/catalog/product/cache/1/small_image/600x600/9df78eab33525d08d6e5fb8d27136e95/i/m/image_182009.jpg',18),(81,5,'STEM - Công Nghệ Siêu Thông Minh',47000,47,'STEM là thuật ngữ viết tắt của Science, Technology, Engineering, Mathematics (Khoa học, Công nghệ, Kỹ thuật, Toán học). Bốn lĩnh vực này liên kết với nhau một cách chặt chẽ, không tách rời. Công nghệ và Kỹ thuật lấy ý tưởng từ những phát kiến mới về Khoa học để cuộc sống của chúng ta được dễ dàng và giúp thế giới trở nên tươi đẹp hơn. Tuy nhiên, Toán học được xem là yếu tố quan trọng nhất và không nhà khoa học hoặc kỹ sư nào có thể hoàn thành công việc mà không nhờ cậy đến Toán học. STEM QUANH EM thể hiện chân thật vẻ đẹp trong sáng của Toán học, khoa học, kỹ thuật và công nghệ, mang tới cho các bạn nhỏ những thông tin hữu ích của Stem từ quá khứ tới hiện tại và tương lai, đồng thời giúp các bạn nhỏ nhận ra những ứng dụng thông minh nhưng lại vô cùng đơn giản và gần gũi của Stem trong cuộc sống đời thường. Với Công nghệ siêu thông minh, 20 trò chơi giúp các học giả nhí được thực hành công nghệ tại gia, khám phá từ chiếc bồn cầu rắc rối cho tới hệ thống mạng Internet rộng lớn, nhưng cả hai thì đều không thể thiếu trong một ngôi nhà hiện đại. STEM QUANH EM, giúp các bạn đọc nhí khám phá thế giới quanh mình một cách hiện đại, thông minh, sáng tạo và đầy thú vị. STEM QUANH EM, để các bạn đọc nhí thêm tự tin bước vào thời đại công nghệ 4.0 tương lai. STEM QUANH EM, dành tặng các công dân toàn cầu tương lai. Mã hàng	8935251405521 Tên Nhà Cung Cấp	Alpha Books Tác giả	Catherine Bruzzone viết lời Vicky, Barker minh họa Người Dịch	Lê Hải NXB	NXB Dân Trí Năm XB	2017 Ngôn Ngữ	Tiếng Việt Trọng lượng (gr)	100 Kích Thước Bao Bì	23 x 21 x 0.5 cm Số trang	32 Hình thức	Bìa Mềm Sản phẩm bán chạy nhất	Top 100 sản phẩm Kiến thức bách khoa bán chạy của tháng STEM - Công Nghệ Siêu Thông Minh STEM là thuật ngữ viết tắt của Science, Technology, Engineering, Mathematics (Khoa học, Công nghệ, Kỹ thuật, Toán học). Bốn lĩnh vực này liên kết với nhau một cách chặt chẽ, không tách rời. Công nghệ và Kỹ thuật lấy ý tưởng từ những phát kiến mới về Khoa học để cuộc sống của chúng ta được dễ dàng và giúp thế giới trở nên tươi đẹp hơn. Tuy nhiên, Toán học được xem là yếu tố quan trọng nhất và không nhà khoa học hoặc kỹ sư nào có thể hoàn thành công việc mà không nhờ cậy đến Toán học. STEM QUANH EM thể hiện chân thật vẻ đẹp trong sáng của Toán học, khoa học, kỹ thuật và công nghệ, mang tới cho các bạn nhỏ những thông tin hữu ích của Stem từ quá khứ tới hiện tại và tương lai, đồng thời giúp các bạn nhỏ nhận ra những ứng dụng thông minh nhưng lại vô cùng đơn giản và gần gũi của Stem trong cuộc sống đời thường. Với Công nghệ siêu thông minh, 20 trò chơi giúp các học giả nhí được thực hành công nghệ tại gia, khám phá từ chiếc bồn cầu rắc rối cho tới hệ thống mạng Internet rộng lớn, nhưng cả hai thì đều không thể thiếu trong một ngôi nhà hiện đại.','https://cdn0.fahasa.com/media/catalog/product/cache/1/small_image/600x600/9df78eab33525d08d6e5fb8d27136e95/8/9/8935251405521_2.jpg',18),(82,5,'Combo Cách Mạng Công Nghiệp Lần Thứ Tư + ​Fintech 4.0',170000,170,'Thế giới đang đứng trước một cơ hội lớn có thể gọi là cuộc Cách mạng công nghiệp lần thứ tư. Đây không chỉ đơn thuần là sự đổi mới về mặt kỹ thuật, mà là sự thay đổi lớn về công nghệ ở mức độ có thể tạo ra một cuộc cách mạng thay đổi cơ bản cấu trúc của xã hội hiện tại. Một trong những đại diện của nó là cuộc cách mạng trong nền công nghiệp Tài chính – FinTech. Có thể coi những công ty FinTech đang đảm nhận vai trò này là những “công ty công nghệ chuyên xử lý dữ liệu lớn liên quan đến tiền.” Hơi vòng vo một chút, tại Diễn đàn Davos năm 2016 đã diễn ra một cuộc thảo luận khá thú vị. Đó là trả lời câu hỏi “Bạn nghĩ rằng thế giới hiện đang chiến tranh hay hòa bình?” Câu hỏi mới nghe tưởng chừng đơn giản nhưng lại rất khó trả lời.  Theo khái niệm trước đây, chiến tranh được định nghĩa là khi “có sự di chuyển của hệ thống quân đội”. Nhưng ngày nay với công nghệ mới phát triển, không cần phải di chuyển hệ thống quân đội cũng có thể tấn công đối thủ. Đó là chiến tranh dưới hình thức khủng bố và tấn công mạng. Trên thực tế, những vấn đề tương tự đang xảy ra ở mọi khía cạnh của nền kinh tế. Nói một cách khái quát, trong cuộc cách mạng công nghiệp lần thứ tư này, các hệ thống và cơ sở hạ tầng xã hội khác nhau mà chúng ta xây dựng từ trước đến nay có thể sẽ trở nên không còn cần thiết nữa.','https://cdn0.fahasa.com/media/catalog/product/cache/1/small_image/600x600/9df78eab33525d08d6e5fb8d27136e95/u/n/untitled-2_10_10.jpg',18),(83,5,'Lối Sống Tối Giản Thời Công Nghệ Số',119000,119,'Các công nghệ mới dường như đang hút cạn ý nghĩa và sự hài lòng ra khỏi mỗi chúng ta. Một cụm từ mà chúng ta thường nghe nhắc đến trong cuộc sống số thời hiện đại là kiệt sức. Nếu xét riêng thì không có ứng dụng hay website cụ thể nào đặc biệt tồi tệ cả, vấn đề nằm ở tác động tổng thể của việc có quá nhiều thứ bóng bẩy lòe loẹt liên tục lôi kéo sự chú ý và thao túng tâm trạng của chúng ta. Vấn đề này không liên quan đến các khía cạnh chi tiết mà liên quan đến thực tế rằng nó đang ngày càng vượt xa khỏi tầm kiểm soát. Hầu như không ai muốn dành quá nhiều thời gian như vậy trên mạng cả, nhưng những công cụ này đã biết cách gây nghiện. Sự thôi thúc phải vào cập nhật tin tức trên mạng xã hội trở thành một chứng co giật đầy ám ảnh, phá vỡ dòng thời gian liên tục thành những mảnh vụn nhỏ bé, không đủ để tạo ra sự hiện diện cần thiết cho một cuộc sống có chủ định. Cal Newportnghiên cứu về tác động tiêu cực của hoạt động trực tuyến không kiểm soát đối với sức khỏe tâm lý. Hoạt động trao đổi trực tuyến dường như càng đẩy nhanh người ta vào các trạng thái cực đoan gây ra những sự căng thẳng và kiệt quệ về mặt cảm xúc. Việc khám phá được những mối lo ngại rất đáng giật mình này – từ hiện tượng lạm dụng thái quá tới mức nghiện ngập các công cụ trên, cho đến khả năng của chúng trong việc làm giảm quyền tự chủ, giảm sự hạnh phúc, khơi dậy những trực giác u ám, và gây phân tâm khỏi những hoạt động có giá trị hơn - khiến chúng ta nhận thức được mối quan hệ đáng lo ngại của con người với các công nghệ đang thống trị nền văn hóa. Mục đích của cuốn sách này là đưa ra những lập luận ủng hộ cho chủ nghĩa tối giản số, bao gồm một phần khai thác chi tiết về những câu hỏi vì sao nó lại có hiệu quả, tiếp đến là phần hướng dẫn cách áp dụng triết lý này vào cuộc sống nếu bạn quyết định lựa chọn nó. Chìa khóa để duy trì thành công lâu dài khi vận dụng triết lý này là bạn hãy hiểu rằng vấn đề mà bạn đang muốn giải quyết ở đây không thực sự liên quan đến công nghệ, mà liên quan đến chất lượng cuộc sống của chính bạn. Càng mày mò thử nghiệm với các ý tưởng và cách làm mà tác giả đã trình bày ở các phần trước trong cuốn sách này, bạn sẽ ngày càng nhận ra rằng chủ nghĩa tối giản số không đơn thuần chỉ là một bộ các nguyên tắc; nó là con đường giúp bạn xây dựng một cuộc sống đáng sống trong kỷ nguyên hiện đại của chúng ta với sự hiện diện khắp nơi của các thiết bị đầy mê hoặc. Mục lục: Lời giới thiệu Phần 1: Các nền tảng 1. Cuộc chạy đua vũ trang không cân sức 2. Tối giản hóa số 3. Dọn dẹp không gian số Phần 2: Thực hành 4. Dành thời gian ở một mình 5. Đừng nhấn nút “thích” 6. Lấy lại sự thư giãn đã mất 7. Tham gia vào phong trào kháng lại sự chú ý Kết luận Thông tin tác giả: Cal Newport là giáo sư khoa học máy tính tại Đại học Georgetown. Ông có nhiều bài viết về sự giao thoa giữa công nghệ số và văn hóa. Các tác phẩm của Cal Newport đã được dịch ra hơn 25 ngôn ngữ khác nhau. Trích đoạn sách: NHỮNG NGƯỜI NÔNG DÂN TRỒNG CÂY THUỐC LÁ MẶC ÁO PHÔNG Bill Maher kết thúc mọi tập trong chương trình trò chuyện hằng tuần Real Time (tạm dịch: Thời gian thực) trên đài HBO bằng một màn độc thoại. Chương trình này thường bàn đến các vấn đề chính trị. Tuy nhiên, trong tập phát sóng ngày 12 tháng Năm năm 2017, Maher đã phá thông lệ khi anh nhìn vào camera và nói: Đã đến lúc các ông trùm mạng xã hội phải dừng vờ rằng họ là những vị thần thân thiện và mọt sách, chỉ mong muốn xây dựng một thế giới tốt đẹp hơn và thừa nhận rằng họ chỉ là những người nông dân trồng cây thuốc lá mặc áo phông, đang tìm cách bán một sản phẩm gây nghiện cho lũ trẻ. Bởi vì, chúng ta hãy dũng cảm thừa nhận đi nào, ngồi đếm số lượt “Thích” đang là một loại cần sa mới. Mối quan tâm của Maher đối với mạng xã hội bắt nguồn từ một tập trong chương trình 60 Minutes (tạm dịch: 60 phút) phát sóng khoảng một tháng trước đó. Tập này mang tựa đề “Khai thác não bộ”, mở đầu bằng cảnh Anderson Cooper1 phỏng vấn một kỹ sư tóc đỏ, vóc người thanh tú, với bộ râu được chăm chút cẩn thận theo mốt đang thịnh hành trong cộng đồng các chàng trai ở Thung lũng Silicon. Tên anh là Tristan Harris, từng là nhà sáng lập công ty khởi nghiệp và cựu kỹ sư của Google nhưng sau đó từ bỏ con đường đã trở nên quá quen thuộc trong thế giới công nghệ để trở thành một thứ hiếm hoi hơn rất nhiều trong thế giới khép kín đó: người tố giác. “Thứ này là một loại máy đánh bạc,” Harris nói ngay ở phần đầu của cuộc phỏng vấn trên, tay anh giơ lên chiếc điện thoại thông minh của mình. “Vì sao nó lại là máy đánh bạc?” Cooper hỏi. “Mỗi lần mở điện thoại ra xem, nghĩa là tôi đang đánh cược với chiếc máy đánh bạc này để xem Tôi sẽnhận được gì?” Harris trả lời. “Các công ty công nghệ còn soạn ra cả một danh sách dài các kỹ thuật nhằm khiến bạn phải sử dụng điện thoại càng lâu càng tốt.” “Vậy Thung lũng Silicon đang lập trình các ứng dụng hay họ đang lập trình con người?” Cooper hỏi. “Họ đang lập trình con người,” Harris trả lời. “Người ta vẫn luôn nói rằng công nghệ là trung lập, và rằng việc quyết định cách thức sử dụng công nghệ như thế nào là quyền của chúng ta. Nhưng không phải thế.” “Công nghệ không trung lập ư?” Cooper xen ngang. “Không hề. Họ muốn bạn phải sử dụng công nghệ theo cách mà họ đặt ra và sử dụng nó trong thời gian thật lâu. Bởi vì có thế họ mới kiếm được tiền.” Khi xem chương trình này, Bill Maher nhận thấy rằng cuộc phỏng vấn mang một nét gì đó rất quen thuộc. Sau khi chiếu đoạn trích cuộc phỏng vấn trên giữa Harris và Cooper cho các khán giả của mình ở kênh HBO xem, Maher hỏi: “Tôi đã nghe chuyện này ở đâu rồi nhỉ?” Sau đó, ông chuyển sang cuộc phỏng vấn nổi tiếng năm 1995 của Mike Wallace với Jeffrey Wigand – người tố giác từng xác nhận trước cả thế giới điều mà nhiều người vốn đã nghi ngờ từ lâu: các tập đoàn sản xuất thuốc lá đã cố tình tăng tính gây nghiện cho các loại thuốc lá. “Philip Morris chỉ muốn chiếc phổi của bạn,” Maher kết luận. “Cửa hàng Ứng dụng muốn linh hồn bạn.” Mã hàng	8935280905900 Tên Nhà Cung Cấp	Thái Hà Tác giả	Cal Newport Người Dịch	Khánh Trang NXB	NXB Công Thương Năm XB	2020 Ngôn Ngữ	Tiếng Việt Trọng lượng (gr)	380 Kích Thước Bao Bì	20.5 x 13 cm Số trang	376 Hình thức	Bìa Mềm Sản phẩm bán chạy nhất	Top 100 sản phẩm Kỹ năng sống bán chạy của tháng Lối Sống Tối Giản Thời Công Nghệ Số Các công nghệ mới dường như đang hút cạn ý nghĩa và sự hài lòng ra khỏi mỗi chúng ta. Một cụm từ mà chúng ta thường nghe nhắc đến trong cuộc sống số thời hiện đại là kiệt sức. Nếu xét riêng thì không có ứng dụng hay website cụ thể nào đặc biệt tồi tệ cả, vấn đề nằm ở tác động tổng thể của việc có quá nhiều thứ bóng bẩy lòe loẹt liên tục lôi kéo sự chú ý và thao túng tâm trạng của chúng ta. Vấn đề này không liên quan đến các khía cạnh chi tiết mà liên quan đến thực tế rằng nó đang ngày càng vượt xa khỏi tầm kiểm soát. Hầu như không ai muốn dành quá nhiều thời gian như vậy trên mạng cả, nhưng những công cụ này đã biết cách gây nghiện. Sự thôi thúc phải vào cập nhật tin tức trên mạng xã hội trở thành một chứng co giật đầy ám ảnh, phá vỡ dòng thời gian liên tục thành những mảnh vụn nhỏ bé, không đủ để tạo ra sự hiện diện cần thiết cho một cuộc sống có chủ định. Cal Newportnghiên cứu về tác động tiêu cực của hoạt động trực tuyến không kiểm soát đối với sức khỏe tâm lý. Hoạt động trao đổi trực tuyến dường như càng đẩy nhanh người ta vào các trạng thái cực đoan gây ra những sự căng thẳng và kiệt quệ về mặt cảm xúc.','https://cdn0.fahasa.com/media/catalog/product/cache/1/small_image/600x600/9df78eab33525d08d6e5fb8d27136e95/b/i/bia-loi-song-toi-gian-thoi-cong-nghe-so.jpg',18),(84,5,'​FINTECH 4.0 - Những Điển Hình Thành Công Trong Cuộc Cách Mạng Công Nghệ Tài Chính',68000,68,'Thế giới đang đứng trước một cơ hội lớn có thể gọi là cuộc Cách mạng công nghiệp lần thứ tư. Đây không chỉ đơn thuần là sự đổi mới về mặt kỹ thuật, mà là sự thay đổi lớn về công nghệ ở mức độ có thể tạo ra một cuộc cách mạng thay đổi cơ bản cấu trúc của xã hội hiện tại. Một trong những đại diện của nó là cuộc cách mạng trong nền công nghiệp Tài chính – FinTech. Có thể coi những công ty FinTech đang đảm nhận vai trò này là những “công ty công nghệ chuyên xử lý dữ liệu lớn liên quan đến tiền.” Hơi vòng vo một chút, tại Diễn đàn Davos năm 2016 đã diễn ra một cuộc thảo luận khá thú vị. Đó là trả lời câu hỏi “Bạn nghĩ rằng thế giới hiện đang chiến tranh hay hòa bình?” Câu hỏi mới nghe tưởng chừng đơn giản nhưng lại rất khó trả lời.  Theo khái niệm trước đây, chiến tranh được định nghĩa là khi “có sự di chuyển của hệ thống quân đội”. Nhưng ngày nay với công nghệ mới phát triển, không cần phải di chuyển hệ thống quân đội cũng có thể tấn công đối thủ. Đó là chiến tranh dưới hình thức khủng bố và tấn công mạng. Trên thực tế, những vấn đề tương tự đang xảy ra ở mọi khía cạnh của nền kinh tế. Nói một cách khái quát, trong cuộc cách mạng công nghiệp lần thứ tư này, các hệ thống và cơ sở hạ tầng xã hội khác nhau mà chúng ta xây dựng từ trước đến nay có thể sẽ trở nên không còn cần thiết nữa.','https://cdn0.fahasa.com/media/catalog/product/cache/1/small_image/600x600/9df78eab33525d08d6e5fb8d27136e95/i/m/image_175190.jpg',18),(85,5,'Combo Ứng Dụng Công Nghệ Trong Kinh Doanh (Bộ 3 Cuốn)',361000,361,'Khi gặp phải những tình huống không mong muốn trong công việc, chúng ta thường phải đứng trước các lựa chọn khó khăn. Liệu quyết định của ta có thật sự chính xác? Liệu ta có thể đánh đổi các giá trị mình đang có để thực hiện quyết định này?... Những băn khoăn và áp lực khi đứng trước các lựa chọn khiến chúng ta khó lòng thỏa mãn 100% và luôn cảm thấy “thiếu một cái gì đó”. Nhưng tại sao phải mãi lưỡng lự, đắn đo để tìm kiếm một phương án đỡ-tệ-nhất, trong khi ta có thể tự tạo ra một cách giải quyết mới và vượt trội? Chìa khóa cho vấn đề này là phương pháp tư duy tích hợp (integrative thinking), một cách hoàn toàn mới trong tư duy tạo lựa chọn được nghiên cứu, phân tích và phát triển bởi nhà tư tưởng, chiến lược gia Roger Martin. Trong cuốn sách “Lựa chọn thông minh trong kinh doanh”, Martin cộng tác với giáo sư Jennifer Riel của trường quản lí Rotman để khai thác lí thuyết và ứng dụng đa dạng hơn phương pháp tư duy này. Trong tác phẩm được tờ Wall Street Journal xếp vào danh mục Bestseller, hai tác giả sẽ dẫn dắt bạn tìm hiểu các lí thuyết căn bản nhất của tư duy tích hợp và các kiểu áp dụng của phương pháp này vào thực tế. Cuốn sách bao gồm các mô hình tư duy trực quan và những câu chuyện mới mẻ của các nhà tư tưởng. Từng chương sách đều làm sáng tỏ quá trình giải quyết vấn đề một cách sáng tạo, giúp độc giả tập luyện việc đưa ra những ý tưởng đột phá. Toàn bộ dẫn chứng trong tác phẩm đều được trích dẫn, chọn lọc từ các bài phỏng vấn trực tiếp của hai tác giả với những doanh nhân hàng đầu của các tập đoàn, tổ chức lớn như LEGO, P&G, The Vanguard …','https://cdn0.fahasa.com/media/catalog/product/cache/1/small_image/600x600/9df78eab33525d08d6e5fb8d27136e95/o/o/ooooooooooo.jpg',18),(86,5,'Ứng Dụng Công Nghệ Truy Dấu Tiếp Xúc Để Ứng Phó Với Covid-19',126000,126,'Hiện nay thế giới của chúng ta đang phải trải qua giai đoạn hỗn loạn, xáo trộn bởi đại dịch Covid-19 gây ra. Covid-19 đã đem đến thiệt hại nặng nề cho nền kinh tế, gây ảnh hưởng trực tiếp đến đời sống xã hội và cuộc sống hàng ngày của mỗi chúng ta. Hơn tất cả, các chuyên gia y tế trên khắp thế giới đang phải làm việc không ngừng nghỉ để chiến đấu và ngăn chặn sự lây lan đến chóng mắt của đại dịch Covid-19. Đây là bằng chứng rõ ràng cho thấy những phương pháp truy tìm vùng dịch hay nguồn bệnh theo cách truyền thống là chưa đủ để ngăn chặn và giải quyết cuộc khủng hoảng của bệnh truyền nhiễm. Để giải quyết vấn đề xác định vùng dịch và những bệnh nhân F0, F1.. chúng ta cần mau chóng áp dụng công nghệ vào việc truy tìm nguồn bệnh. Những sản phẩm công nghệ này có thể hỗ trợ giám sát sức khỏe cộng đồng, là chiến lược bức thiết để giám sát và quản lý vùng dịch hiệu quả. Việc áp dụng công nghệ vào việc theo dõi sức khỏe, kiểm soát dịch bệnh truyền nhiễm sẽ là xu hướng tất yếu của tương lai. Khi người dân có thể tự mình chủ động theo dõi tình hình dịch bệnh qua bất kỳ thiết bị công nghệ cá nhân.','https://cdn0.fahasa.com/media/catalog/product/cache/1/small_image/600x600/9df78eab33525d08d6e5fb8d27136e95/i/m/image_195509_1_47972.jpg',18),(87,6,'Con Chim Xanh Biếc Bay Về',120000,120,'Không giống như những tác phẩm trước đây lấy bối cảnh vùng quê miền Trung đầy ắp những hoài niệm tuổi thơ dung dị, trong trẻo với các nhân vật ở độ tuổi dậy thì, trong quyển sách mới lần này nhà văn Nguyễn Nhật Ánh lấy bối cảnh chính là Sài Gòn – Thành phố Hồ Chí Minh nơi tác giả sinh sống (như là một sự đền đáp ân tình với mảnh đất miền Nam). Các nhân vật chính trong truyện cũng “lớn” hơn, với những câu chuyện mưu sinh lập nghiệp lắm gian nan thử thách của các sinh viên trẻ đầy hoài bão. Tất nhiên không thể thiếu những câu chuyện tình cảm động, kịch tính và bất ngờ khiến bạn đọc ngẩn ngơ, cười ra nước mắt. Và như trong mọi tác phẩm Nguyễn Nhật Ánh, sự tử tế và tinh thần hướng thượng vẫn là điểm nhấn quan trọng trong quyển sách mới này. Như một cuốn phim “trinh thám tình yêu”, Con chim xanh biếc bay về dẫn bạn đi hết từ bất ngờ này đến tò mò suy đoán khác, để kết thúc bằng một nỗi hân hoan vô bờ sau bao phen hồi hộp nghi kỵ đến khó thở. Bạn sẽ theo phe sinh viên-nhân viên với những câu thơ dịu dàng và đáo để, hay phe ông chủ với những kỹ năng kinh doanh khởi nghiệp? Và hãy đoán thử, điều gì khiến bạn có thể cảm động đến rưng rưng trong cuộc sống giữa Sài Gòn bộn bề? Lâu lắm mới có hình ảnh thành phố rộn ràng trong tác phẩm của Nguyễn Nhật Ánh - điều hấp dẫn khác thường của Con chim xanh biếc bay về. Chính vì thế mà cuốn sách chỉ có một cách đọc thôi: một mạch từ đầu đến cuối! Mời bạn đón đọc!','https://www.vinabook.com/images/thumbnails/product/240x/363387_p92601mp92601mscan00081.jpg',18),(88,6,'Tô Bình Yên Vẽ Hạnh Phúc (Tái Bản 2021)',64000,64,'Sau thành công của cuốn sách đầu tay “Phải lòng với cô đơn” chàng họa sĩ nổi tiếng và tài năng Kulzsc đã trở lại với một cuốn sách vô cùng đặc biệt mang tên: \"Tô bình yên - vẽ hạnh phúc” –  sắc nét phong cách cá nhân với một chút “thơ thẩn, rất hiền”. Không giống với những cuốn sách chỉ để đọc, “Tô bình yên – vẽ hạnh phúc”  là một cuốn sách mà độc giả vừa tìm được “Hạnh phúc to to từ những điều nho nhỏ” vừa được thực hành ngay lập tức. Một sự kết hợp mới lạ đầy thú vị giữa thể loại sách tản văn và sách tô màu. Lật mở cuốn sách này, bạn sẽ thấy vô vàn những điều nhỏ bé dễ thương lan tòa nguồn năng lượng tích cực. Và kèm theo một list những điều tuyệt vời khiến bạn không thể bỏ lỡ: - Tận tình chỉ dẫn: 8 hướng dẫn tô màu đầy hứng thú từ Kulzsc - Tranh vẽ đơn giản, gần gũi. Nét vẽ đáng yêu, dễ thương - Chủ đề xoay quanh những điều bình yên trong cuộc sống: Đọc sách, đi dạo, dọn dẹp nhà cửa, trồng cây, ăn cơm mẹ nấu, nghe một bản nhạc hay, và nghĩ về nụ cười của một ai đó… - Mỗi bức tranh lại là những lời thủ thỉ, tâm tình của tác giả. Là những điều nhắn gửi nho nhỏ mong bạn bớt đi những xao động: “Em chọn hạnh phúc Em chọn bình yên Em chọn bên cạnh Những điều an yên” Hay đơn giản là những giãi bày ngắn gọn, thay nỗi lòng của một ai đó: \"Tớ biết cậu một mình vẫn ổn, nhưng có những chuyện, có ai đó cùng làm, vẫn hơn.\" Thông qua những hình vẽ đang đợi được lấp đầy bằng muôn vàn sắc màu ấy, Kulzsc sẽ giúp bạn - những người lớn cô đơn, những ai đang cần bổ sung vitamin hạnh phúc “truy tìm” những niềm vui bị bỏ quên hay tuyệt chiêu để đối phó với stress. Bởi tô màu là một hình thức chữa lành đơn giản mà hiệu quả, nên mỗi khi thấy bực dọc, chán nản, hay khiến mình bận rộn hơn hãy thử tìm tới “Tô bình yên -  vẽ hạnh phúc” cùng hộp màu đã cất lâu trong tủ và... Sao không thể là một đám mây màu tím, một mái tóc vàng tươi hay một nụ hoa màu xanh biển nhỉ? Không cần phải đắn đo đâu, bạn cứ thoải mái xóa đi căng thẳng, xóa đi những gam màu u ám, tự tay mình điểm tô những màu sắc tươi sáng lấp lánh, đầy ắp hy vọng theo ý thích, tận hưởng những phút thư giãn thật bình yên không muộn phiền thôi nào. Mã hàng	8935325000775 Tên Nhà Cung Cấp	Skybooks Tác giả	Kulzsc NXB	NXB Phụ Nữ Việt Nam Năm XB	2021 Ngôn Ngữ	Tiếng Việt Trọng lượng (gr)	346 Kích Thước Bao Bì	24 x 19 x 1 cm Số trang	95 Hình thức	Bìa Mềm Sản phẩm hiển thị trong Ví VNPAY hoàn 50K ZaloPay Sản phẩm bán chạy nhất	Top 100 sản phẩm Sách Tô Màu Dành Cho Người Lớn bán chạy của tháng Tô Bình Yên Vẽ Hạnh Phúc Sau thành công của cuốn sách đầu tay “Phải lòng với cô đơn” chàng họa sĩ nổi tiếng và tài năng Kulzsc đã trở lại với một cuốn sách vô cùng đặc biệt mang tên: \"Tô bình yên - vẽ hạnh phúc” –  sắc nét phong cách cá nhân với một chút “thơ thẩn, rất hiền”. Không giống với những cuốn sách chỉ để đọc, “Tô bình yên – vẽ hạnh phúc”  là một cuốn sách mà độc giả vừa tìm được “Hạnh phúc to to từ những điều nho nhỏ” vừa được thực hành ngay lập tức. Một sự kết hợp mới lạ đầy thú vị giữa thể loại sách tản văn và sách tô màu. Lật mở cuốn sách này, bạn sẽ thấy vô vàn những điều nhỏ bé dễ thương lan tòa nguồn năng lượng tích cực. Và kèm theo một list những điều tuyệt vời khiến bạn không thể bỏ lỡ:','https://cdn0.fahasa.com/media/catalog/product/cache/1/small_image/600x600/9df78eab33525d08d6e5fb8d27136e95/b/i/bia1_tobinhyen_2_1_1.jpg',18),(89,6,'Cây Cam Ngọt Của Tôi',92000,92,'“Vị chua chát của cái nghèo hòa trộn với vị ngọt ngào khi khám phá ra những điều khiến cuộc đời này đáng sống... một tác phẩm kinh điển của Brazil.” - Booklist “Một cách nhìn cuộc sống gần như hoàn chỉnh từ con mắt trẻ thơ… có sức mạnh sưởi ấm và làm tan nát cõi lòng, dù người đọc ở lứa tuổi nào.” - The National Hãy làm quen với Zezé, cậu bé tinh nghịch siêu hạng đồng thời cũng đáng yêu bậc nhất, với ước mơ lớn lên trở thành nhà thơ cổ thắt nơ bướm. Chẳng phải ai cũng công nhận khoản “đáng yêu” kia đâu nhé. Bởi vì, ở cái xóm ngoại ô nghèo ấy, nỗi khắc khổ bủa vây đã che mờ mắt người ta trước trái tim thiện lương cùng trí tưởng tượng tuyệt vời của cậu bé con năm tuổi. Có hề gì đâu bao nhiêu là hắt hủi, đánh mắng, vì Zezé đã có một người bạn đặc biệt để trút nỗi lòng: cây cam ngọt nơi vườn sau. Và cả một người bạn nữa, bằng xương bằng thịt, một ngày kia xuất hiện, cho cậu bé nhạy cảm khôn sớm biết thế nào là trìu mến, thế nào là nỗi đau, và mãi mãi thay đổi cuộc đời cậu. Mở đầu bằng những thanh âm trong sáng và kết thúc lắng lại trong những nốt trầm hoài niệm, Cây cam ngọt của tôi khiến ta nhận ra vẻ đẹp thực sự của cuộc sống đến từ những điều giản dị như bông hoa trắng của cái cây sau nhà, và rằng cuộc đời thật khốn khổ nếu thiếu đi lòng yêu thương và niềm trắc ẩn. Cuốn sách kinh điển này bởi thế không ngừng khiến trái tim người đọc khắp thế giới thổn thức, kể từ khi ra mắt lần đầu năm 1968 tại Brazil. TÁC GIẢ: JOSÉ MAURO DE VASCONCELOS (1920-1984) là nhà văn người Brazil. Sinh ra trong một gia đình nghèo ở ngoại ô Rio de Janeiro, lớn lên ông phải làm đủ nghề để kiếm sống. Nhưng với tài kể chuyện thiên bẩm, trí nhớ phi thường, trí tưởng tượng tuyệt vời cùng vốn sống phong phú, José cảm thấy trong mình thôi thúc phải trở thành nhà văn nên đã bắt đầu sáng tác năm 22 tuổi. Tác phẩm nổi tiếng nhất của ông là tiểu thuyết mang màu sắc tự truyện Cây cam ngọt của tôi. Cuốn sách được đưa vào chương trình tiểu học của Brazil, được bán bản quyền cho hai mươi quốc gia và chuyển thể thành phim điện ảnh. Ngoài ra, José còn rất thành công trong vai trò diễn viên điện ảnh và biên kịch. Mã hàng	8935235228351 Tên Nhà Cung Cấp	Nhã Nam Tác giả	José Mauro de Vasconcelos Người Dịch	Nguyễn Bích Lan, Tô Yến Ly NXB	NXB Hội Nhà Văn Năm XB	2020 Trọng lượng (gr)	280 Kích Thước Bao Bì	20 x 14.5 cm Số trang	244 Hình thức	Bìa Mềm Sản phẩm hiển thị trong Nhã Nam Ví VNPAY hoàn 50K Sản phẩm bán chạy nhất	Top 100 sản phẩm Tiểu thuyết bán chạy của tháng “Vị chua chát của cái nghèo hòa trộn với vị ngọt ngào khi khám phá ra những điều khiến cuộc đời này đáng sống... một tác phẩm kinh điển của Brazil.” - Booklist “Một cách nhìn cuộc sống gần như hoàn chỉnh từ con mắt trẻ thơ… có sức mạnh sưởi ấm và làm tan nát cõi lòng, dù người đọc ở lứa tuổi nào.” - The National Hãy làm quen với Zezé, cậu bé tinh nghịch siêu hạng đồng thời cũng đáng yêu bậc nhất, với ước mơ lớn lên trở thành nhà thơ cổ thắt nơ bướm. Chẳng phải ai cũng công nhận khoản “đáng yêu” kia đâu nhé. Bởi vì, ở cái xóm ngoại ô nghèo ấy, nỗi khắc khổ bủa vây đã che mờ mắt người ta trước trái tim thiện lương cùng trí tưởng tượng tuyệt vời của cậu bé con năm tuổi. Có hề gì đâu bao nhiêu là hắt hủi, đánh mắng, vì Zezé đã có một người bạn đặc biệt để trút nỗi lòng: cây cam ngọt nơi vườn sau. Và cả một người bạn nữa, bằng xương bằng thịt, một ngày kia xuất hiện, cho cậu bé nhạy cảm khôn sớm biết thế nào là trìu mến, thế nào là nỗi đau, và mãi mãi thay đổi cuộc đời cậu. Mở đầu bằng những thanh âm trong sáng và kết thúc lắng lại trong những nốt trầm hoài niệm, Cây cam ngọt của tôi khiến ta nhận ra vẻ đẹp thực sự của cuộc sống đến từ những điều giản dị như bông hoa trắng của cái cây sau nhà, và rằng cuộc đời thật khốn khổ nếu thiếu đi lòng yêu thương và niềm trắc ẩn. Cuốn sách kinh điển này bởi thế không ngừng khiến trái tim người đọc khắp thế giới thổn thức, kể từ khi ra mắt lần đầu năm 1968 tại Brazil.','https://cdn0.fahasa.com/media/catalog/product/cache/1/small_image/600x600/9df78eab33525d08d6e5fb8d27136e95/i/m/image_217480.jpg',18),(90,6,'Từ Điển Tiếng “Em” - Tái Bản 2021',45000,45,'Bạn sẽ bất ngờ, khi cầm cuốn “từ điển” xinh xinh này trên tay. Và sẽ còn ngạc nhiên hơn nữa, khi bắt đầu đọc từng trang sách… Dĩ nhiên là vì “Từ điển tiếng “Em” không phải là một cuốn từ điển thông thường rồi! Nói đến “từ điển”, xưa nay chúng ta đều nghĩ về một bộ sách đồ sộ, giải thích ý nghĩa, cách dùng, dịch, cách phát âm, và thường kèm theo các ví dụ về cách sử dụng từ đó. Tuy nhiên, với cuốn sách “Từ điển tiếng “em”, các bạn sẽ hết sức bất ngờ với những định nghĩa mới, bắt trend, sáng tạo, thông minh và vô cùng hài hước. Tiếng “em” [danh từ] ở đây là tiếng lòng của những người yêu sự thật, ghét sự giả dối Cô đơn [ tính từ ] không phải là không có ai bên cạnh, mà là người mình muốn ở cạnh lại không hề ở bên Sống lỗi [ động từ ] là cách sống của mấy bạn có người yêu cái là bỏ bê bạn bè liền hà... Nhưng đây không chỉ là cuốn sách chỉ biết nói dăm ba câu chuyện về tình yêu. Còn nhiều hơn thế! Là những câu cửa miệng của giới trẻ thời nay; là hoạt động tưởng vô bổ nhưng cần thiết cho sự sống: ăn, ngủ, tắm, gội cũng được định nghĩa hết sức dí dỏm... Và cũng không thiếu những “tật xấu, thói hư” nghĩ đến đã thấy “tức cái lồng ngực”... Và bạn yên tâm, “tập đoàn” Kho Từ Điển điều hành bởi Thịt Kho – Hiệp Thị - 2 chủ xị cho ra đời cuốn sách nhỏ bé xíu xiu nhưng mới mẻ và mặn mà vô cùng này sẽ khiến bạn thoát mác “người tối cổ” cười cả ngày không chán, nhìn bạn bè quanh mình bằng ánh mắt dễ thương, tận hưởng cuộc đời với những định nghĩa hoàn toàn!!! Cuốn sách này giống như một chiếc hộp Pandora thú vị và hấp dẫn người đọc, vì bạn không thể đoán trước được tác giả sẽ “định nghĩa” câu nói đó theo nghĩa nào, cho ta thêm thích thú với những ngôn từ đáng yêu sử dụng mỗi ngày. Vậy nên, ngay bây giờ, bạn đã sẵn sàng để mở ra những điều thú vị trong cuốn sách này chưa!!! Mã hàng	8935325000980 Tên Nhà Cung Cấp	Skybooks Tác giả	Khotudien NXB	NXB Phụ Nữ Việt Nam Năm XB	2021 Ngôn Ngữ	Tiếng Việt Trọng lượng (gr)	300 Kích Thước Bao Bì	12 x 10 cm Số trang	280 Hình thức	Bìa Mềm Sản phẩm hiển thị trong Flashsale Mã Giảm Giá Ví VNPAY hoàn 50K ZaloPay Sản phẩm bán chạy nhất	Top 100 sản phẩm Truyện ngắn - Tản Văn bán chạy của tháng TỪ ĐIỂN TIẾNG “EM” – Định nghĩa về thế giới mới! Bạn sẽ bất ngờ, khi cầm cuốn “từ điển” xinh xinh này trên tay. Và sẽ còn ngạc nhiên hơn nữa, khi bắt đầu đọc từng trang sách… Dĩ nhiên là vì “Từ điển tiếng “Em” không phải là một cuốn từ điển thông thường rồi! Nói đến “từ điển”, xưa nay chúng ta đều nghĩ về một bộ sách đồ sộ, giải thích ý nghĩa, cách dùng, dịch, cách phát âm, và thường kèm theo các ví dụ về cách sử dụng từ đó. Tuy nhiên, với cuốn sách “Từ điển tiếng “em”, các bạn sẽ hết sức bất ngờ với những định nghĩa mới, bắt trend, sáng tạo, thông minh và vô cùng hài hước. Tiếng “em” [danh từ] ở đây là tiếng lòng của những người yêu sự thật, ghét sự giả dối Cô đơn [ tính từ ] không phải là không có ai bên cạnh, mà là người mình muốn ở cạnh lại không hề ở bên Sống lỗi [ động từ ] là cách sống của mấy bạn có người yêu cái là bỏ bê bạn bè liền hà... Nhưng đây không chỉ là cuốn sách chỉ biết nói dăm ba câu chuyện về tình yêu. Còn nhiều hơn thế!','https://cdn0.fahasa.com/media/catalog/product/cache/1/small_image/600x600/9df78eab33525d08d6e5fb8d27136e95/b/i/bia_tudientiengem-_1_.jpg',18),(91,6,'5 Centimet Trên Giây',39000,39,'Bằng giọng văn tinh tế, truyền cảm, Năm centimet trên giây mang đến những khắc họa mới về tâm hồn và khả năng tồn tại của cảm xúc, bắt đầu từ tình yêu trong sáng, ngọt ngào của một cô bé và cậu bé. Ba giai đoạn, ba mảnh ghép, ba ngôi kể chuyện khác nhau nhưng đều xoay quanh nhân vật nam chính, người luôn bị ám ảnh bởi kí ức và những điều đã qua… Khác với những câu chuyện cuốn bạn chạy một mạch, truyện này khó mà đọc nhanh. Ngón tay bạn hẳn sẽ ngừng lại cả trăm lần trên mỗi trang sách. Chỉ vì một cử động rất khẽ, một câu thoại, hay một xúc cảm bất chợt có thể sẽ đánh thức những điều tưởng chừng đã ngủ quên trong tiềm thức, như ngọn đèn vừa được bật sáng trong tâm trí bạn. Và rồi có lúc nó vượt quá giới hạn chịu đựng, bạn quyết định gấp cuốn sách lại chỉ để tận hưởng chút ánh sáng từ ngọn đèn, hay đơn giản là để vết thương trong lòng mình có thời gian tự tìm xoa dịu. Mã hàng	8936049524905 Tên Nhà Cung Cấp	IPM Tác giả	Shinkai Makoto NXB	Văn Học Năm XB	12/2014 Trọng lượng (gr)	300 Kích Thước Bao Bì	13x18 Số trang	188 Hình thức	Bìa Mềm Sản phẩm hiển thị trong IPM MUA SẮM AN TOÀN NGÀN DEAL GIẢM SỐC - Giảm Khủng Đến 60% Ví VNPAY hoàn 50K ZaloPay Sản phẩm bán chạy nhất	Top 100 sản phẩm Light Novel bán chạy của tháng TOP 100 BEST SELLER - 5cm/s không chỉ là vận tốc của những cánh anh đào rơi, mà còn là vận tốc khi chúng ta lặng lẽ bước qua đời nhau, đánh mất bao cảm xúc thiết tha nhất của tình yêu. Bằng giọng văn tinh tế, truyền cảm, Năm centimet trên giây mang đến những khắc họa mới về tâm hồn và khả năng tồn tại của cảm xúc, bắt đầu từ tình yêu trong sáng, ngọt ngào của một cô bé và cậu bé. Ba giai đoạn, ba mảnh ghép, ba ngôi kể chuyện khác nhau nhưng đều xoay quanh nhân vật nam chính, người luôn bị ám ảnh bởi kí ức và những điều đã qua… Khác với những câu chuyện cuốn bạn chạy một mạch, truyện này khó mà đọc nhanh. Ngón tay bạn hẳn sẽ ngừng lại cả trăm lần trên mỗi trang sách. Chỉ vì một cử động rất khẽ, một câu thoại, hay một xúc cảm bất chợt có thể sẽ đánh thức những điều tưởng chừng đã ngủ quên trong tiềm thức, như ngọn đèn vừa được bật sáng trong tâm trí bạn. Và rồi có lúc nó vượt quá giới hạn chịu đựng, bạn quyết định gấp cuốn sách lại chỉ để tận hưởng chút ánh sáng từ ngọn đèn, hay đơn giản là để vết thương trong lòng mình có thời gian tự tìm xoa dịu.','https://cdn0.fahasa.com/media/catalog/product/cache/1/small_image/600x600/9df78eab33525d08d6e5fb8d27136e95/8/9/8936049524905.jpg',18),(92,6,'Bước Chậm Lại Giữa Thế Gian Vội Vã (Tái Bản 2018)',68000,68,'Chen vai thích cánh để có một chỗ bám trên xe buýt giờ đi làm, nhích từng xentimét bánh xe trên đường lúc tan sở, quay cuồng với thi cử và tiến độ công việc, lu bù vướng mắc trong những mối quan hệ cả thân lẫn sơ… bạn có luôn cảm thấy thế gian xung quanh mình đang xoay chuyển quá vội vàng? Nếu có thể, hãy tạm dừng một bước. Để tự hỏi, là do thế gian này vội vàng hay do chính tâm trí bạn đang quá bận rộn? Để cầm cuốn sách nhỏ dung dị mà lắng đọng này lên, chậm rãi lật giở từng trang, thong thả khám phá những điều mà chỉ khi bước chậm lại mới có thể thấu rõ: về các mối quan hệ, về chính bản thân mình, về những trăn trở trước cuộc đời và nhân thế, về bao điều lý trí rất hiểu nhưng trái tim chưa cách nào nghe theo… Ra mắt lần đầu năm 2012, Bước chậm lại giữa thế gian vội vã của Đại đức Hae Min đã liên tục đứng đầu danh sách best-seller của nhiều trang sách trực tuyến uy tín của Hàn Quốc, trở thành cuốn sách chữa lành cho hàng triệu người trẻ luôn tất bật với nhịp sống hiện đại hối hả. Mã hàng	8935235217737 Tên Nhà Cung Cấp	Nhã Nam Tác giả	Hae Min Người Dịch	Nguyễn Việt Tú Anh NXB	NXB Hội Nhà Văn Năm XB	2018 Trọng lượng (gr)	280 Kích Thước Bao Bì	14 x 20.5 Số trang	254 Hình thức	Bìa Mềm Sản phẩm hiển thị trong Nhã Nam Ví VNPAY hoàn 50K Sản phẩm bán chạy nhất	Top 100 sản phẩm Tiểu thuyết bán chạy của tháng Bước Chậm Lại Giữa Thế Gian Vội Vã (Tái Bản 2018) Chen vai thích cánh để có một chỗ bám trên xe buýt giờ đi làm, nhích từng xentimét bánh xe trên đường lúc tan sở, quay cuồng với thi cử và tiến độ công việc, lu bù vướng mắc trong những mối quan hệ cả thân lẫn sơ… bạn có luôn cảm thấy thế gian xung quanh mình đang xoay chuyển quá vội vàng? Nếu có thể, hãy tạm dừng một bước. Để tự hỏi, là do thế gian này vội vàng hay do chính tâm trí bạn đang quá bận rộn? Để cầm cuốn sách nhỏ dung dị mà lắng đọng này lên, chậm rãi lật giở từng trang, thong thả khám phá những điều mà chỉ khi bước chậm lại mới có thể thấu rõ: về các mối quan hệ, về chính bản thân mình, về những trăn trở trước cuộc đời và nhân thế, về bao điều lý trí rất hiểu nhưng trái tim chưa cách nào nghe theo… Ra mắt lần đầu năm 2012, Bước chậm lại giữa thế gian vội vã của Đại đức Hae Min đã liên tục đứng đầu danh sách best-seller của nhiều trang sách trực tuyến uy tín của Hàn Quốc, trở thành cuốn sách chữa lành cho hàng triệu người trẻ luôn tất bật với nhịp sống hiện đại hối hả.','https://cdn0.fahasa.com/media/catalog/product/cache/1/small_image/600x600/9df78eab33525d08d6e5fb8d27136e95/b/u/buoc_cham_lai_giua_the_gian_voi_va.u335.d20160817.t102115.612356.jpg',18),(93,6,'Ông Già Và Biển Cả',21000,21,'Hemingway để lại ấn tượng sâu sắc đối với bạn đọc qua nguyên lý “tảng băng trôi”, văn phong của ông được mô tả bởi sự kiệm lời nhưng có nhiều tầng ý nghĩa, phải suy nghĩ thật sâu mới có thể hiểu hết được những gì tác giả gửi gắm. Nhiều tác phẩm của ông hiện nay được coi là những tác phẩm kinh điển của nền văn học Mỹ: Ông già và biển cả, Chuông nguyện hồn ai, Giã từ vũ khí, Hạnh phúc ngắn ngủi của Mác Cômbơ, Hội hè miên man,… Ông già và biển cả, là một trong những tác phẩm nổi tiếng nhất của Hemingway, sử dụng nguyên lý “tảng băng trôi” khi kể về một cuộc săn đuổi con cá kiếm khổng lồ của ông lão đánh cá Santiago, người đã cố gắng chiến đấu trong ba ngày đêm vật lộn trên biển vùng Giếng Lớn khi ông câu được nó. Sang đến ngày thứ ba, ông dùng lao đâm chết được con cá, buộc nó vào mạn thuyền và lôi về nhưng đàn cá mập đánh hơi thấy đã lăn xả tới, ông lại đem hết sức tàn chống chọi với lũ cá mập, phóng lao, thậm chí cả mái chèo để đánh. Ông giết được nhiều con, đuổi được chúng đi, nhưng cuối cùng khi nhìn đến con cá kiếm của mình thì nó đã bị rỉa hết thịt chỉ còn trơ lại một bộ xương khổng lồ. Tác phẩm là bản anh hùng ca ca ngợi sức lao động và khát vọng của con người.','https://cdn0.fahasa.com/media/catalog/product/cache/1/small_image/600x600/9df78eab33525d08d6e5fb8d27136e95/8/9/8936067597936.jpg',18),(94,6,'Chiến Binh Cầu Vồng (Tái Bản 2020)',93000,93,'Trong ngày khai giảng, nhờ sự xuất hiện vào phút chót của cậu bé thiểu năng trí tuệ Harun, trường Muhammadiyah may mắn thoát khỏi nguy cơ đóng cửa. Nhưng ước mơ dạy và học trong ngôi trường Hồi giáo ấy liệu sẽ đi về đâu, khi ngôi trường xập xệ dường như sẵn sàng sụp xuống bất cứ lúc nào, khi lời đe dọa đóng cửa từ viên thanh tra giáo dục luôn lơ lửng trên đầu, khi những cỗ máy xúc hung dữ đang chực chờ xới tung ngôi trường để dò mạch thiếc…? Và liệu niềm đam mê học tập của những Chiến binh Cầu vồng đó có đủ sức chinh phục quãng đường ngày ngày đạp xe bốn mươi cây số, rồi đầm cá sấu lúc nhúc bọn ăn thịt người, chưa kể sự mê hoặc từ những chuyến phiêu lưu chết người theo tiếng gọi của ngài pháp sư bí ẩn trên đảo Hải Tặc, cùng sức cám dỗ khôn cưỡng từ những đồng tiền còm kiếm được nhờ công việc cu li toàn thời gian ...? Chiến binh Cầu vồng có cả tình yêu trong sáng tuổi học trò lẫn những trò đùa tinh quái, cả nước mắt lẫn tiếng cười – một bức tranh chân thực về hố sâu ngăn cách giàu nghèo, một tác phẩm văn học cảm động truyền tải sâu sắc nhất ý nghĩa đích thực của việc làm thầy, việc làm trò và việc học. Tác phẩm đã bán được trên năm triệu bản, được dịch ra 26 thứ tiếng, là một trong những đại diện xuất sắc nhất của  văn học Indonesia hiện đại. Mã hàng	8935235226289 Tên Nhà Cung Cấp	Nhã Nam Tác giả	Andrea Hirata Người Dịch	Dạ Thảo NXB	NXB Hội Nhà Văn Năm XB	2020 Trọng lượng (gr)	450 Kích Thước Bao Bì	20.5 x 14 cm Số trang	428 Hình thức	Bìa Mềm Sản phẩm hiển thị trong Nhã Nam Ví VNPAY hoàn 50K Sản phẩm bán chạy nhất	Top 100 sản phẩm Tiểu thuyết bán chạy của tháng Một tác phẩm có tầm ảnh hưởng sâu rộng nhất Indonesia “Thầy Harfan và cô Mus nghèo khổ đã mang đến cho tôi tuổi thơ đẹp nhất, tình bạn đẹp nhất, và tâm hồn phong phú, một thứ gì đó vô giá, thậm chí còn có giá trị hơn những khao khát mơ ước. Có thể tôi lầm, nhưng theo ý tôi, đây thật sự là hơi thở của giáo dục và linh hồn của một chốn được gọi là trường học.” - (Trích tác phẩm) *** Trong ngày khai giảng, nhờ sự xuất hiện vào phút chót của cậu bé thiểu năng trí tuệ Harun, trường Muhammadiyah may mắn thoát khỏi nguy cơ đóng cửa. Nhưng ước mơ dạy và học trong ngôi trường Hồi giáo ấy liệu sẽ đi về đâu, khi ngôi trường xập xệ dường như sẵn sàng sụp xuống bất cứ lúc nào, khi lời đe dọa đóng cửa từ viên thanh tra giáo dục luôn lơ lửng trên đầu, khi những cỗ máy xúc hung dữ đang chực chờ xới tung ngôi trường để dò mạch thiếc…? Và liệu niềm đam mê học tập của những Chiến binh Cầu vồng đó có đủ sức chinh phục quãng đường ngày ngày đạp xe bốn mươi cây số, rồi đầm cá sấu lúc nhúc bọn ăn thịt người, chưa kể sự mê hoặc từ những chuyến phiêu lưu chết người theo tiếng gọi của ngài pháp sư bí ẩn trên đảo Hải Tặc, cùng sức cám dỗ khôn cưỡng từ những đồng tiền còm kiếm được nhờ công việc cu li toàn thời gian ...? Chiến binh Cầu vồng có cả tình yêu trong sáng tuổi học trò lẫn những trò đùa tinh quái, cả nước mắt lẫn tiếng cười – một bức tranh chân thực về hố sâu ngăn cách giàu nghèo, một tác phẩm văn học cảm động truyền tải sâu sắc nhất ý nghĩa đích thực của việc làm thầy, việc làm trò và việc học.','https://cdn0.fahasa.com/media/catalog/product/cache/1/small_image/600x600/9df78eab33525d08d6e5fb8d27136e95/i/m/image_195509_1_36366.jpg',18),(95,6,'Cho Tôi Xin Một Vé Đi Tuổi Thơ (Bìa Mềm) (Tái Bản 2018)',64000,64,'Trong Cho tôi xin một vé đi tuổi thơ, nhà văn Nguyễn Nhật Ánh mời người đọc lên chuyến tàu quay ngược trở lại thăm tuổi thơ và tình bạn dễ thương của 4 bạn nhỏ. Những trò chơi dễ thương thời bé, tính cách thật thà, thẳng thắn một cách thông minh và dại dột, những ước mơ tự do trong lòng… khiến cuốn sách có thể làm các bậc phụ huynh lo lắng rồi thở phào. Không chỉ thích hợp với người đọc trẻ, cuốn sách còn có thể hấp dẫn và thực sự có ích cho người lớn trong quan hệ với con mình.','https://cdn0.fahasa.com/media/catalog/product/cache/1/small_image/600x600/9df78eab33525d08d6e5fb8d27136e95/i/m/image_180164_1_43_1_57_1_4_1_2_1_210_1_29_1_98_1_25_1_21_1_5_1_3_1_18_1_18_1_45_1_26_1_32_1_14_1_1233.jpg',18),(96,6,'Khu Vườn Ngôn Từ',75000,75,'Khu vườn ngôn từ kể về một tình yêu còn xa xưa hơn cả tình yêu. Khái niệm tình yêu trong tiếng Nhật hiện đại là luyến hoặc ái, nhưng vào thời xưa nó được viết là cô bi, nghĩa là nỗi buồn một mình. Shinkai Makoto đã cấu tứ Khu vườn ngôn từ theo ý nghĩa cổ điển này, miêu tả tình yêu theo khái niệm ban sơ của nó, tức là cô bi - nỗi buồn khi một mình thương nhớ một người. Những ngày mưa triền miên.... Nơi hàng hiên ngập tràn màu xanh của một khu vườn Nhật Bản... Có một cảm xúc êm dịu đến không thốt nên lời cứ thế manh nha, tựu hình và lửng lơ tồn tại. Trong lúc dòng đời cuồn cuộn chảy trôi, tất cả hối hả tiến về phía trước, thì cậu và cô lại dừng chân, chìm xuống trong tĩnh lặng riêng mình, và ở cái vũng tĩnh lặng đó, họ tìm thấy nhau. Dần dần và mạo hiểm, quên đi cả các chênh lệch về tuổi tác và vị trí, họ thả hồn mình trôi về nhau hòa điệu. Làm nền cho tất cả là mưa rơi không ngừng, là lá mướt mát rung rinh. Nhưng khi mưa tạnh và trời quang trở lại, mọi đường nét của hiện thực trở nên rõ rệt đến khắc nghiệt, thì những êm dịu và lửng lơ kia liệu còn khả năng tồn tại? Mã hàng	8936048123468 Tên Nhà Cung Cấp	IPM Tác giả	Shinkai Makoto NXB	IPM Năm XB	09/2015 Trọng lượng (gr)	450 Kích Thước Bao Bì	14.5x20.5 Số trang	300 Hình thức	Bìa Mềm Sản phẩm hiển thị trong IPM MUA SẮM AN TOÀN NGÀN DEAL GIẢM SỐC - Giảm Khủng Đến 60% Ví VNPAY hoàn 50K Sản phẩm bán chạy nhất	Top 100 sản phẩm Light Novel bán chạy của tháng TOP 100 BEST SELLER - Khu Vườn Ngôn Từ Khu vườn ngôn từ kể về một tình yêu còn xa xưa hơn cả tình yêu. Khái niệm tình yêu trong tiếng Nhật hiện đại là luyến hoặc ái, nhưng vào thời xưa nó được viết là cô bi, nghĩa là nỗi buồn một mình. Shinkai Makoto đã cấu tứ Khu vườn ngôn từ theo ý nghĩa cổ điển này, miêu tả tình yêu theo khái niệm ban sơ của nó, tức là cô bi - nỗi buồn khi một mình thương nhớ một người. Những ngày mưa triền miên.... Nơi hàng hiên ngập tràn màu xanh của một khu vườn Nhật Bản... Có một cảm xúc êm dịu đến không thốt nên lời cứ thế manh nha, tựu hình và lửng lơ tồn tại. Trong lúc dòng đời cuồn cuộn chảy trôi, tất cả hối hả tiến về phía trước, thì cậu và cô lại dừng chân, chìm xuống trong tĩnh lặng riêng mình, và ở cái vũng tĩnh lặng đó, họ tìm thấy nhau. Dần dần và mạo hiểm, quên đi cả các chênh lệch về tuổi tác và vị trí, họ thả hồn mình trôi về nhau hòa điệu.','https://cdn0.fahasa.com/media/catalog/product/cache/1/small_image/600x600/9df78eab33525d08d6e5fb8d27136e95/8/9/8936048123468_1.jpg',18),(97,7,'Dạy Con Làm Giàu - Tập 1 (Tái Bản 2018)',68000,68,'Người giàu không làm việc vì tiền. Họ bắt tiền làm việc cho họ. Chấp nhận thất bại là bước đầu của thành công? Quyền lực của sự lựa chọn! Những bài học không có trong nhà trường. Hãy bắt đầu từ hôm nay “để không có tiền vẫn tạo ra tiền”….','https://cdn0.fahasa.com/media/catalog/product/cache/1/image/9df78eab33525d08d6e5fb8d27136e95/i/m/image_180164_1_43_1_57_1_4_1_2_1_210_1_29_1_98_1_25_1_21_1_5_1_3_1_18_1_18_1_45_1_26_1_32_1_14_1_2354.jpg',18),(98,7,'Báo Cáo Tài Chính Dưới Góc Nhìn Của Warren Buffett',10000,100,'“Benjamin Graham, “ông chủ” của Phố Wall và là thầy của Warren, đã ứng dụng các kỹ thuật phân tích trái phiếu sơ khai vào việc phân tích các cổ phiếu thông dụng. Nhưng Graham không bao giờ phân biệt giữa một công ty đang có lợi thế cạnh tranh dài hạn so với các đối thủ cạnh tranh và một công ty không có lợi thế đó. Ông chỉ quan tâm liệu công ty có đủ khả năng tạo lợi nhuận để giúp nó thoát khỏi khó khan về kinh tế đã đẩy giá cổ phiếu giảm lien tục hay không. Nếu giá không biến động sau hai năm, ông luền bán cổ phiếu đi. Không phải Graham đã lỡ chuyến tàu, mà chỉ là ông ấy không lên đúng chuyến tàu giúp ông trở thành người giàu nhất thế giới như Warren. Ngược lại, sau khi khởi đầu sự nghiệp với Graham, Warren  đã khám phá ra khía cạnh kinh tế tuyệt vời của việc tạo ra tài sản của một công ty có lợi thế cạnh tranh dài hạn so với các đối thủ. Warren đã nhận ra rằng, càng nắm giữ cổ phiếu của một trong những doanh nghiệp tuyệt vời này lâu bao nhiêu thì bạn sẽ càng giàu có bấy nhiêu. Trong quá trình khám phá các lợi ích của việc sở hữu một doanh nghiệp có lợi thế cạnh tranh dài hạn, Warren đã phát triển một bộ công cụ phân tích độc đáo giúp xác định các dạng doanh nghiệp đặc biệt. Tuy được bắt nguồn từ trường phái cũ của Graham, nhưng cách nhìn nhận sự việc mới mẻ đã giúp ông xác định liệu công ty có thể tồn tại sau khi trải qua các vấn đề hiện tại hay không.”','https://cdn0.fahasa.com/media/catalog/product/cache/1/image/9df78eab33525d08d6e5fb8d27136e95/i/m/image_195509_1_33940_1.jpg',18),(99,7,'Những Kẻ Xuất Chúng (Tái Bản 2019)',100000,100,'Cuốn sách Những kẻ xuất chúng sẽ giúp bạn tìm ra câu trả lời thông qua các phân tích về xã hội, văn hóa và thế hệ của những nhân vật kiệt xuất như Bill Gates, Beatles và Mozart, bên cạnh những thất bại đáng kinh ngạc của một số người khác (ví dụ: Christopher Langan, người có chỉ số IQ cao hơn Einstein nhưng rốt cuộc lại quay về làm việc trong một trại ngựa). Theo đó, cùng với tài năng và tham vọng, những người thành công đều được thừa hưởng một cơ hội đặt biệt để rèn luyện kỹ năng và cho phép họ vượt lên những người cùng trang lứa. Với giọng văn lôi cuốn và cách kể chuyện hết sức có duyên, Malcolm Gladwell cũng viện dẫn rất nhiều giai thoại thú vị như tại sao phần lớn các cậu bé giỏi môn khúc côn cầu lại sinh vào tháng một, tại sao con cái của những người Do Thái nhập cư lại trở thành những luật sư quyền lực nhất New York, tại sao truyền thống văn hóa của nền nông nghiệp lúa nước lại có thể giúp trẻ em châu Á giỏi toán... Nhưng không chỉ có thế. Thông qua những ví dụ này, Gladwell muốn bàn luận về những con đường phức tạp dẫn đến thành công của con người. Thách thức niềm tin về “con người tự lực”, tác giả quả quyết rằng các vĩ nhân không tự dưng mà có, cũng không được thúc đẩy bởi thiên tài hay tài năng. Họ là những người được hưởng một “lợi thế vô hình” và cơ hội khác thường từ môi trường và hoàn cảnh, nhờ đó họ vươn tới những đỉnh cao mà người khác không thể đạt được. Theo ông, “một vài người xứng đáng với điều đó, một vài người khác thì không, một số người tạo ra thành công, một số đơn giản là do may mắn”.','https://cdn0.fahasa.com/media/catalog/product/cache/1/image/9df78eab33525d08d6e5fb8d27136e95/i/m/image_184254.jpg',18),(100,7,'Tài Chính Cá Nhân Dành Cho Người Việt Nam ',120000,116,'Cuốn sách “Tài chính cá nhân dành cho người Việt Nam” và bộ bài giảng trực tuyến tặng kèm, gồm tất cả những nội dung về tài chính cá nhân. Kiếm tiền: Khi còn thể làm việc, chúng ta cần kiếm tiền, tạo ra thu nhập với \"công suất\" lớn nhất. Tiết kiệm tiền, sử dụng tiền: Chúng ta phải quản lý tiền hiệu quá, sử dụng tiền khôn ngoan.  Đặc biệt, chúng ta phải tiết kiệm trước khi sử dụng. Bảo vệ tiền: Chúng ta phải biết bảo vệ tiền sự mất mát của tiền trước những rủi ro. Đầu tư tiền: Tiền phải sinh ra tiền. Chúng ta phải đầu tư để tiền tăng trưởng và đạt được mục tiêu tài chính cá nhân. Mục tiêu tài chính cá nhân: An toàn, Đảm bảo, Độc lập, và Tự do tài chính Cuốn Sách Dành Cho: Những người làm công: Quản lý, nhân viên Những người làm tự do, Freelance Những người làm chủ doanh nghiệp Những nhà đầu tư Và hầu hết mọi người quan tâm đến tiền bạc, tài chính.','https://cdn0.fahasa.com/media/catalog/product/cache/1/small_image/600x600/9df78eab33525d08d6e5fb8d27136e95/z/2/z2419560586680_de0ef54b3338f198722d3fe76e34643e_2.jpg',18),(101,7,'Từ Tốt Đến Vĩ Đại - Jim Collins',120000,120,'Jim Collins cùng nhóm nghiên cứu đã miệt mài nghiên cứu những công ty có bước nhảy vọt và bền vững để rút ra những kết luận sát sườn, những yếu tố cần kíp để đưa công ty từ tốt đến vĩ đại. Đó là những yếu tố khả năng lãnh đạo, con người, văn hóa, kỷ luật, công nghệ… Những yếu tố này được nhóm nghiên cứu xem xét tỉ mỉ và kiểm chứng cụ thể qua 11 công ty nhảy vọt lên vĩ đại. Mỗi kết luận của nhóm nghiên cứu đều hữu ích, vượt thời gian, ý nghĩa vô cùng to lớn đối với mọi lãnh đạo và quản lý ở mọi loại hình công ty (từ công ty có nền tảng và xuất phát tốt đến những công ty mới khởi nghiệp), và mọi lĩnh vực ngành nghề. Đây là cuốn sách nên đọc đối với bất kỳ lãnh đạo hay quản lý nào!','https://cdn0.fahasa.com/media/catalog/product/cache/1/image/9df78eab33525d08d6e5fb8d27136e95/n/x/nxbtre_full_09462021_024609.jpg',18),(102,7,'Vị Tu Sĩ Bán Chiếc Ferrari',74000,74,'Vị tu sĩ bán chiếc Ferrari Cuốn sách cho những người khát khao theo đuổi đam mê Vị Tu Sĩ Bán Chiếc Ferarri không phải là một cuốn sách xa lạ, cuốn sách này là một trong những ấn phẩm kinh điển của thế giới về đề tài truyền cảm hứng, theo đuổi lý tưởng sống, và hướng về một cuộc sống hạnh phúc. Đây cũng là cuốn sách đầu tiên mà tác giả, nhà diễn thuyết nổi tiếng thế giới Robin Sharma chấp bút. Cuốn sách gây được tiếng vang khi xuất bản năm 1997 và bán được hơn 3 triệu bản vào năm 2013. Từng được xuất bản và bán chạy ở Việt Nam với cái tên Tìm về sức mạnh vô biên, trong lần tái bản này, Vị tu sĩ bán chiếc Ferrari là phiên bản bổ sung, hoàn thiện và tiếp tục là cuốn sách kinh điển về đề tài truyền cảm hứng, theo đuổi lý tưởng sống, hướng tới cuộc sống hạnh phúc của tác giả Robin Sharma. Ngay từ năm 1997, Vị tu sĩ bán chiếc Ferrari đã nhanh chóng trở thành hiện tượng và nằm trong danh sách best-seller, bán ra hơn 4 triệu bản tại 50 quốc gia trên khắp thế giới. Điều đặc biệt, khi đó Robin Sharma chỉ là một tác giả trẻ chưa có tên tuổi. Vậy, tại sao cuốn sách này lại có sức hấp dẫn với bạn đọc trên toàn thế giới?','https://cdn0.fahasa.com/media/catalog/product/cache/1/image/9df78eab33525d08d6e5fb8d27136e95/i/m/image_195509_1_55840.jpg',18),(103,7,'Nghĩ Giàu & Làm Giàu',88000,88,'NGHĨ GIÀU VÀ LÀM GIÀU Think and Grow Rich - Nghĩ giàu và làm giàu là một trong những cuốn sách bán chạy nhất mọi thời đại. Đã hơn 60 triệu bản được phát hành với gần trăm ngôn ngữ trên toàn thế giới và được công nhận là cuốn sách tạo ra nhiều triệu phú, một cuốn sách truyền cảm hứng thành công nhiều hơn bất cứ cuốn sách kinh doanh nào trong lịch sử. Tác phẩm này đã giúp tác giả của nó, Napoleon Hill, được tôn vinh bằng danh hiệu “người tạo ra những nhà triệu phú”. Đây cũng là cuốn sách hiếm hoi được đứng trong top của rất nhiều bình chọn theo nhiều tiêu chí khác nhau - bình chọn của độc giả, của giới chuyên môn, của báo chí. Lý do để Think and Grow Rich - Nghĩ giàu và làm giàu có được vinh quang này thật hiển nhiên và dễ hiểu: Bằng việc đọc và áp dụng những phương pháp đơn giản, cô đọng này vào đời sống của mỗi cá nhân mà đã có hàng ngàn người trên thế giới trở thành triệu phú và thành công bền vững. Điều thú vị nhất là các bí quyết này có thể được hiểu và áp dụng bởi bất kỳ một người bình thường nào, hoạt động trong bất cứ lĩnh vực nào. Qua hơn 70 năm tồn tại, những đúc kết về thành công của Napoleon Hill đến nay vẫn không hề bị lỗi thời, ngược lại, thời gian chính là minh chứng sống động cho tính đúng đắn của những bí quyết mà ông chia sẻ. Sinh ra trong một gia đình nghèo vùng Tây Virginia, con đường thành công của Napoleon Hill cũng trải qua nhiều thăng trầm. Khởi đầu bằng chân cộng tác viên cho một tờ báo địa phương lúc 15 tuổi, đến năm 19 tuổi Hill trở thành nhà quản lý mỏ than trẻ tuổi nhất, sau đó bỏ ngang để theo đuổi ngành luật. Napoleon Hill còn kinh qua nhiều nghề như kinh doanh gỗ, xe hơi, viết báo về kinh doanh…','https://cdn0.fahasa.com/media/catalog/product/cache/1/image/9df78eab33525d08d6e5fb8d27136e95/n/g/nghigiaulamgiau_110k-01_bia-1.jpg',18),(104,7,'Dốc Hết Trái Tim',90000,90,'Dốc hết trái tim là một quyển sách hay dành cho doanh nhân và mọi giám đốc hay lãnh đạo công ty. Tác giả đồng thời là người sáng lập của thương hiệu Starbucks, chia sẻ câu chuyện đầy cảm hứng về cuộc đời của ông từ khi còn đi học đến khi trở thành CEO của một thương hiệu nổi tiếng trên toàn thế giới. Độc giả sẽ tìm thấy nơi đây bài học về quản trị rất tuyệt vời, mà giá trị của nó vẫn còn vững vàng trong hiện tại. Những kinh nghiệm của tác giả về xây dựng một công ty có trách nhiệm xã hội đối với nhân viên, với cộng đồng và đối với môi trường sẽ cuốn hút lan truyền cảm hứng đến độc giả để họ áp dụng nó vào cuộc sống và công việc kinh doanh của mình. Thành công của Công ty Cà phê Starbucks là một trong những câu chuyện kỳ diệu nhất về kinh doanh trong suốt nhiều thập kỷ. Một cửa hàng nhỏ ven sông ở Seattle rốt cuộc lại lớn mạnh và phát triển nên hơn một ngàn sáu trăm cửa hàng trên khắp thế giới và mỗi ngày lại có thêm một cửa hàng mới mọc lên. Tuyệt vời hơn cả, Starbucks đã thành công trong việc giữ vững cam kết về chất lượng sản phẩm ưu việt và mang lại những gì tốt đẹp nhất cho nhân viên của mình. Trong Dốc hết trái tim, CEO Howard Schultz chỉ ra các nguyên tắc định hình nên hiện tượng Starbucks, chia sẻ những tri thức mà ông đúc kết được từ cuộc hành trình biến cà phê ngon thành một phần tất yếu của trải nghiệm Mỹ. Các nhà tiếp thị, các nhà quản lý, và các doanh nhân sẽ khám phá ra cách biến lòng đam mê thành lợi nhuận trong cuốn biên niên ký của một công ty \"đã làm thay đổi mọi thứ... từ khẩu vị của chúng ta, ngôn ngữ của chúng ta cho đến bộ mặt của toàn khu Main Street\".','https://cdn0.fahasa.com/media/catalog/product/cache/1/image/9df78eab33525d08d6e5fb8d27136e95/2/e/2e7c4c99c9faceda9e926727bb5cc92a.jpg',18),(105,7,'Không Đến Một',20000,20,'Nếu bạn muốn xây dựng một tương lai tốt đẹp hơn, bạn phải tin vào bí mật. Bí mật lớn nhất của thời đại chúng ta là vẫn còn những lĩnh vực và phát minh mới cần chúng ta khám phá và tạo ra. Trong Không Đến Một, doanh nhân và nhà đầu tư huyền thoại Peter Thiel chỉ cho chúng ta biết cách tìm ra những cách thức độc đáo để tạo ra những thứ mới này. Thiel bắt đầu bằng một tiền đề nghịch lý là chúng ta đang sống trong giai đoạn trì trệ về công nghệ, thậm chí chúng ta còn bị các thiết bị di động hào nhoáng làm cho sao nhãng. Công nghệ thông tin đã cải thiện nhanh chóng, nhưng không có lý gì mà sự tiến bộ của loài ngoài chỉ nên giới hạn trong lĩnh vực máy tính hay ở Thung lũng Silicon. Chúng ta có thể đạt được sự tiến bộ trong bất cứ ngành nghề hay lĩnh vực kinh doanh nào. Nó xuất phát từ kỹ năng quan trọng nhất mà mọi nhà lãnh đạo phải thuộc nằm lòng: học cách nghĩ cho chính bản thân mình. Một Bill Gates của tương lai sẽ không viết nên hệ điều hành máy tính như Microsoft. Một Larry Page hoặc Sergey Brin kế tiếp sẽ không tạo ra cỗ máy tìm kiếm như Google. Và tất nhiên, một Mark Zuckerberg tiếp theo sẽ không tạo ra mạng xã hội như Facebook. Nếu bạn bắt chước họ, bạn sẽ chẳng học được gì từ họ cả.','https://cdn0.fahasa.com/media/catalog/product/cache/1/image/9df78eab33525d08d6e5fb8d27136e95/i/m/image_217498.jpg',18),(106,7,'Nhà Lãnh Đạo Không Chức Danh',120000,120,'Nhà Lãnh Đạo Không Chức Danh Suốt hơn 15 năm, Robin Sharma đã thầm lặng chia sẻ với những công ty trong danh sách Fortune 500 và nhiều người siêu giàu khác một công thức thành công đã giúp ông trở thành một trong những nhà cố vấn lãnh đạo được theo đuổi nhiều nhất thế giới. Đây là lần đầu tiên Sharma công bố công thức độc quyền này với bạn, để bạn có thể đạt được những gì tốt nhất, đồng thời giúp tổ chức của bạn có thể có những bước đột phá đến một cấp độ thành công mới trong thời đại thiên biến vạn hóa như hiện nay. Trong cuốn sách Nhà Lãnh Đạo Không Chức Danh, bạn sẽ học được: Làm thế nào để làm việc và tạo ảnh hưởng với mọi người như một siêu sao, bất chấp bạn đang ở vị trí nào Một phương pháp để nhận biết và nắm bắt cơ hội vào những thời điểm thay đổi Những bí mật thật sự của sự đổi mới Một chiến lược tức thời để xây dựng đội nhóm tuyệt vời và trở thành một nhà cung cấp ngoạn mục của khách hàng Những thủ thuật cứng rắn giúp trở nên mạnh mẽ cả về thể chất lẫn tinh thần để có thể đi đầu trong lĩnh vực của bạn','https://cdn0.fahasa.com/media/catalog/product/cache/1/image/9df78eab33525d08d6e5fb8d27136e95/8/9/8934974145936.jpg',18),(107,7,'Kinh Tế Học Vi Mô',96000,96,'“Kinh tế Vi Mô” và “Kinh tế Vĩ Mô” của NXB Cengage','https://cdn0.fahasa.com/media/catalog/product/cache/1/image/9df78eab33525d08d6e5fb8d27136e95/9/7/9786043026542_1.jpg',18),(108,7,'Kỷ Nguyên Mới Của Quản Trị',87000,87,'Quản trị sáng tạo trong một thế giới đang thay đổi.','https://cdn0.fahasa.com/media/catalog/product/cache/1/image/9df78eab33525d08d6e5fb8d27136e95/i/m/image_193617.jpg',18),(109,7,'Cách Nền Kinh Tế Vận Hành ',123000,123,'Cuốn sách Cách nền kinh tế vận hành được xuất bản lần đầu tiên vào năm 2010. Thời điểm này cũng là lúc thế giới đang phải vật lộn với cuộc suy thoái tồi tệ nhất kể từ những năm 1930. Đã ba mươi bảy tháng trôi qua kể từ thời điểm Cục nghiên cứu Kinh tế Quốc gia Hoa Kì (NBER) tuyên bố cuộc khủng hoảng kinh tế lần này đã chấm dứt, nhưng vào tháng 6 năm 2009, Chính phủ Hoa Kì vẫn còn rất nhiều việc phải làm để có thể phục hồi số việc làm cho người lao động về mức trước khủng hoảng. Tôi viết cuốn sách này nhằm giúp các bạn hiểu rõ hơn tại sao những điều tồi tệ này lại xảy ra, và đưa ra một số ý tưởng nhằm ngăn chặn các cuộc khủng khoảng tài chính tương tự có thể xảy ra trong tương lai.','https://cdn0.fahasa.com/media/catalog/product/cache/1/image/9df78eab33525d08d6e5fb8d27136e95/c/a/cach-nen-kinh-te-van-hanh-bia-1_1.jpg',18),(110,7,'Tôi Đã Kiếm Được 2.000.000 Đô-la ',250000,109,'Điều đặc biệt của cuốn sách là các kinh nghiệm của tác giả được trình bày rất cô đọng, có dẫn chứng thuyết phục qua ngôn từ dễ hiểu song vẫn chứa đựng các nội dung mang tính hàn lâm trong phân tích và đầu tư chứng khoán. Qua cuốn sách, người đọc cũng sẽ hiểu được các vấn đề lý thuyết về phân tích cơ bản, phân tích kỹ thuật, kỹ năng giao dịch và chiến lược đầu tư chứng khoán được áp dụng linh hoạt trong thực tế đầu tư chứng khoán như thế nào. Người đọc sẽ có cơ hội biết về Lý thuyết hộp của Nicolas Darvas và những ứng dụng tuyệt vời của nó trong đầu tư chứng khoán. Vì vậy, cuốn sách cũng là tài liệu tham khảo hữu ích đối với các sinh viên kinh tế, đặc biệt là sinh viên chuyên ngành Ngân hàng - Tài chính - Chứng khoán.','https://cdn0.fahasa.com/media/catalog/product/cache/1/small_image/600x600/9df78eab33525d08d6e5fb8d27136e95/i/m/image_236981.jpg',18);
/*!40000 ALTER TABLE `products` ENABLE KEYS */;
UNLOCK TABLES;

--
-- Table structure for table `products_order_items_entity_list`
--

DROP TABLE IF EXISTS `products_order_items_entity_list`;
/*!40101 SET @saved_cs_client     = @@character_set_client */;
/*!50503 SET character_set_client = utf8mb4 */;
CREATE TABLE `products_order_items_entity_list` (
  `products_entity_id` int NOT NULL,
  `order_items_entity_list_id` int NOT NULL,
  UNIQUE KEY `UK_b0gakrjqh5kn6nh3mimvu1let` (`order_items_entity_list_id`),
  KEY `FKjsso9rjmnavrtfgqc87w7y7um` (`products_entity_id`),
  CONSTRAINT `FKdn5ehws5gmarlkfx0bu9ir4qw` FOREIGN KEY (`order_items_entity_list_id`) REFERENCES `order_items` (`id`),
  CONSTRAINT `FKjsso9rjmnavrtfgqc87w7y7um` FOREIGN KEY (`products_entity_id`) REFERENCES `products` (`id`)
) ENGINE=InnoDB DEFAULT CHARSET=utf8mb4 COLLATE=utf8mb4_0900_ai_ci;
/*!40101 SET character_set_client = @saved_cs_client */;

--
-- Dumping data for table `products_order_items_entity_list`
--

LOCK TABLES `products_order_items_entity_list` WRITE;
/*!40000 ALTER TABLE `products_order_items_entity_list` DISABLE KEYS */;
/*!40000 ALTER TABLE `products_order_items_entity_list` ENABLE KEYS */;
UNLOCK TABLES;

--
-- Table structure for table `shipping`
--

DROP TABLE IF EXISTS `shipping`;
/*!40101 SET @saved_cs_client     = @@character_set_client */;
/*!50503 SET character_set_client = utf8mb4 */;
CREATE TABLE `shipping` (
  `id` int NOT NULL AUTO_INCREMENT,
  `order_id` int DEFAULT NULL,
  `status` varchar(45) DEFAULT NULL,
  `required_date` date DEFAULT NULL,
  `shipped_date` date DEFAULT NULL,
  PRIMARY KEY (`id`),
  KEY `order_id_shipping_idx` (`order_id`),
  CONSTRAINT `order_id_shipping` FOREIGN KEY (`order_id`) REFERENCES `orders` (`id`)
) ENGINE=InnoDB AUTO_INCREMENT=20 DEFAULT CHARSET=utf8mb4 COLLATE=utf8mb4_0900_ai_ci;
/*!40101 SET character_set_client = @saved_cs_client */;

--
-- Dumping data for table `shipping`
--

LOCK TABLES `shipping` WRITE;
/*!40000 ALTER TABLE `shipping` DISABLE KEYS */;
INSERT INTO `shipping` VALUES (1,1,'pending','1970-01-01','2021-11-29'),(2,2,'pending','1970-01-01','2021-11-29'),(3,3,'pending','1970-01-01','2021-11-29'),(4,6,'pending','2021-11-29',NULL),(5,7,'pending','2021-11-29',NULL),(6,8,'pending','2021-11-29',NULL),(7,9,'pending','2021-11-29',NULL),(8,10,'pending','2021-11-29',NULL),(9,11,'pending','2021-11-29',NULL),(10,12,'pending','2021-11-29',NULL),(11,13,'pending','2021-11-29',NULL),(12,14,'pending','2021-11-29',NULL),(13,15,'pending','2021-11-30',NULL),(14,16,'pending','2021-11-30',NULL),(15,17,'pending','2021-12-01',NULL),(16,18,'pending','2021-12-01',NULL),(17,19,'pending','2021-12-01',NULL),(18,20,'pending','2021-12-01',NULL),(19,26,'pending','2021-12-02',NULL);
/*!40000 ALTER TABLE `shipping` ENABLE KEYS */;
UNLOCK TABLES;

--
-- Table structure for table `shop`
--

DROP TABLE IF EXISTS `shop`;
/*!40101 SET @saved_cs_client     = @@character_set_client */;
/*!50503 SET character_set_client = utf8mb4 */;
CREATE TABLE `shop` (
  `id` int NOT NULL AUTO_INCREMENT,
  `shop_owner_id` int DEFAULT NULL,
  `revenue` int DEFAULT NULL,
  PRIMARY KEY (`id`),
  KEY `shop_owner_id_user_idx` (`shop_owner_id`),
  CONSTRAINT `shop_owner_id_user` FOREIGN KEY (`shop_owner_id`) REFERENCES `users` (`id`) ON DELETE CASCADE ON UPDATE CASCADE
) ENGINE=InnoDB AUTO_INCREMENT=33 DEFAULT CHARSET=utf8mb4 COLLATE=utf8mb4_0900_ai_ci;
/*!40101 SET character_set_client = @saved_cs_client */;

--
-- Dumping data for table `shop`
--

LOCK TABLES `shop` WRITE;
/*!40000 ALTER TABLE `shop` DISABLE KEYS */;
INSERT INTO `shop` VALUES (0,0,0),(1,1,0),(2,2,0),(8,8,0),(18,18,0),(22,22,0),(23,23,0),(24,24,0),(25,25,0),(26,26,0),(27,27,0),(28,28,0),(29,29,0),(30,30,0),(31,31,0),(32,32,0);
/*!40000 ALTER TABLE `shop` ENABLE KEYS */;
UNLOCK TABLES;

--
-- Table structure for table `users`
--

DROP TABLE IF EXISTS `users`;
/*!40101 SET @saved_cs_client     = @@character_set_client */;
/*!50503 SET character_set_client = utf8mb4 */;
CREATE TABLE `users` (
  `id` int NOT NULL AUTO_INCREMENT,
  `user_name` varchar(45) DEFAULT NULL,
  `user_type` varchar(45) DEFAULT NULL,
  `password` varchar(255) DEFAULT NULL,
  PRIMARY KEY (`id`)
) ENGINE=InnoDB AUTO_INCREMENT=73 DEFAULT CHARSET=utf8mb4 COLLATE=utf8mb4_0900_ai_ci;
/*!40101 SET character_set_client = @saved_cs_client */;

--
-- Dumping data for table `users`
--

LOCK TABLES `users` WRITE;
/*!40000 ALTER TABLE `users` DISABLE KEYS */;
INSERT INTO `users` VALUES (0,'nhatanh','user','$12$mGB.0hZ4iqDpjke1xENhJen1uC1y.ru40BQdxRf7gmS6gXW6UgJ3G'),(1,'dan','user','$2b$12$FX7YRkUZfNGkXogkAwaDdel3rqAP.2VcODZp9/gTfq/12a6Lp03Jq'),(2,'son','user','$2b$12$isJToZvKyzjOp8N8Fs1HXu0KfiEIM8Tm5L4ZbD4AtfOjXxvdl6pE.'),(3,'user3','user','$12$mGB.0hZ4iqDpjke1xENhJen1uC1y.ru40BQdxRf7gmS6gXW6UgJ3G'),(4,'user4','user','$12$mGB.0hZ4iqDpjke1xENhJen1uC1y.ru40BQdxRf7gmS6gXW6UgJ3G'),(5,'user5','user','$12$mGB.0hZ4iqDpjke1xENhJen1uC1y.ru40BQdxRf7gmS6gXW6UgJ3G'),(6,'user6','user','$12$mGB.0hZ4iqDpjke1xENhJen1uC1y.ru40BQdxRf7gmS6gXW6UgJ3G'),(7,'user7','user','$12$mGB.0hZ4iqDpjke1xENhJen1uC1y.ru40BQdxRf7gmS6gXW6UgJ3G'),(8,'testing','user','$2b$12$mGB.0hZ4iqDpjke1xENhJen1uC1y.ru40BQdxRf7gmS6gXW6UgJ3G'),(9,'asd','user','$2b$12$giDXPXkEBjSX1FuSSbRPvuj7RkYeb5pknRPGNsXMGLfYiYBFH4o5q'),(10,'19020210','user','$2b$12$FX7YRkUZfNGkXogkAwaDdel3rqAP.2VcODZp9/gTfq/12a6Lp03Jq'),(11,'lmap','user','$2b$12$isJToZvKyzjOp8N8Fs1HXu0KfiEIM8Tm5L4ZbD4AtfOjXxvdl6pE.'),(12,'no1','user','$2b$12$BPU8tSWQrSx2UuFFMr8HN.FCxVXT/hhuto7raFKJW/LD4B9e7k41S'),(13,'no2','user','$2b$12$dy.VKPuOrGh23ZOTLpbC4.E5D39dfgdn.BHehUjXhAEcSKTYYTF.6'),(14,'no3','user','$2b$12$RvCjhpL8Ot7lYK16W.QYPeuXocFB/E3eW7rUcmr0HGaVFKzQA.Faa'),(15,'rrrr','user','$2b$12$xbDILu3ETwCme/2oTmBDLu5xqOqbYX7D/VEipe2GYZnud8.jbTWn.'),(16,'testing123','user','$2b$12$dQoDJ9vuozKWxS8et1UH7.8qvaRYHK40Em/jaw9CQYd8FVVdjduEe'),(17,'aaaa','user','$2b$12$2wwyT.X94gvkMTrmwtV9veeVSLyfWRBVDTdDSFPqI0Z611bFOfBNu'),(18,'admin','admin','$2b$12$dnbFZH76Df.dWBeH6GdFAOcEl8vHz8lS6foSCjo6rwx06up2UvfC.'),(19,'user19','user','$12$mGB.0hZ4iqDpjke1xENhJen1uC1y.ru40BQdxRf7gmS6gXW6UgJ3G'),(20,'testing2','user','$2b$12$WnTVY6f0R0l8lx81nVkRs.6eIQiCa5XkrS71LqoXkpqmzPK7prUja'),(21,'testing3','user','$2b$12$Q39jqch0FUIuXHoe781LV.ReOgPmuWyqrabsY4xcejI89NktSEyWy'),(22,'testing5','user','$2b$12$zdqe/1cJ5AYRQiVs5lPgnOym3C52Rhg5AAlHoPWhDf6NQYIp2rTFW'),(23,'testing6','user','$2b$12$WZuaC4O5OjZKj1BWpztT6u3VR2zq3CBt/rvVmOKJvidYVQrUWvEsC'),(24,'test1','user','$2b$12$Kcx2CU2cKGvO1WERhaOiQ.YDvlnxqGjNIN8k8.PshKt35PLdyrium'),(25,'nguoidung25','user','$2b$12$dgaylCx/g/TWo1VmwF82he9sgEoKsswJUAU2yGB1S/41UpbnyB2tS'),(26,'nguoidung26','user','$2b$12$DzkOcP8CyFZXPJ5S2iHNgOiC.BQXa2GcMd4DU6O5WSJF7/J2mPcaK'),(27,'nguoidung27','user','$2b$12$U7vfKVf1T6ZfRfVOcrU5dOdIWGMWPGWltK0EYopHvNvVYdOzoPaJG'),(28,'nguoidung28','user','$2b$12$PS/P9FoR5X4lAnBonV8D.OvjwL2MKzJcrjiv31ctLCpVfrfW4F3Hi'),(29,'nguoidung29','user','$2b$12$u0tU3EfnlD4CxvVEhmKuTOo5GelhegoSfW8CRZwcNNY72k07p94t.'),(30,'nguoidung30','user','$2b$12$.mz2AMArnL/X5gCbbT8OVOFzevRvOuHi7m8RXI3Od..8R/qrSjSHe'),(31,'nguoidung31','user','$2b$12$7/BznFQ9MLhpmhydwgGZdO8tEAqQ.OvTwxIk0Ca6T1NwLDz/jNJGW'),(32,'nguoidung36','user','$2a$10$UzZrxyN2GmEfB111FNBXQedVHSgt6C5vZGmQ06I.0LKzQsAU9RFsi');
/*!40000 ALTER TABLE `users` ENABLE KEYS */;
UNLOCK TABLES;
/*!40103 SET TIME_ZONE=@OLD_TIME_ZONE */;

/*!40101 SET SQL_MODE=@OLD_SQL_MODE */;
/*!40014 SET FOREIGN_KEY_CHECKS=@OLD_FOREIGN_KEY_CHECKS */;
/*!40014 SET UNIQUE_CHECKS=@OLD_UNIQUE_CHECKS */;
/*!40101 SET CHARACTER_SET_CLIENT=@OLD_CHARACTER_SET_CLIENT */;
/*!40101 SET CHARACTER_SET_RESULTS=@OLD_CHARACTER_SET_RESULTS */;
/*!40101 SET COLLATION_CONNECTION=@OLD_COLLATION_CONNECTION */;
/*!40111 SET SQL_NOTES=@OLD_SQL_NOTES */;

-- Dump completed on 2023-02-22 10:47:53
